rotulo,fase,modo,nivel,caminho,ms,status,repeticao,decorrido_s
local,sequencial,motor,"0,5 req/s",/api/gene/MLH1,6002.57,200,,
local,sequencial,motor,"0,5 req/s",/api/gene/HBB,3799.35,200,,
local,sequencial,motor,"0,5 req/s",/api/gene/MSH2,14804.42,200,,
local,sequencial,motor,"0,5 req/s",/api/variant/rs334,9108.48,200,,
local,sequencial,motor,"0,5 req/s",/api/variant/rs1800562,14900.37,200,,
local,sequencial,motor,"0,5 req/s",/api/variant/rs6025,3159.94,200,,
local,sequencial,motor,1 req/s,/api/gene/MLH1,4987.93,200,,
local,sequencial,motor,1 req/s,/api/gene/HBB,3670.42,200,,
local,sequencial,motor,1 req/s,/api/gene/MSH2,13754.49,200,,
local,sequencial,motor,1 req/s,/api/variant/rs334,6093.75,200,,
local,sequencial,motor,1 req/s,/api/variant/rs1800562,2288.12,200,,
local,sequencial,motor,1 req/s,/api/variant/rs6025,6762.06,200,,
local,sequencial,motor,2 req/s,/api/gene/MLH1,4290.11,200,,
local,sequencial,motor,2 req/s,/api/gene/HBB,3670.87,200,,
local,sequencial,motor,2 req/s,/api/gene/MSH2,12625.22,200,,
local,sequencial,motor,2 req/s,/api/variant/rs334,6718.76,200,,
local,sequencial,motor,2 req/s,/api/variant/rs1800562,2119.49,200,,
local,sequencial,motor,2 req/s,/api/variant/rs6025,3987.75,200,,
local,concorrente,motor,1,/api/gene/MLH1,3.96,200,0,0.0041
local,concorrente,motor,1,/api/gene/MLH1,3.61,200,1,0.0037
local,concorrente,motor,1,/api/gene/MLH1,3.58,200,2,0.0036
local,concorrente,motor,5,/api/gene/MLH1,7.32,200,0,0.0147
local,concorrente,motor,5,/api/gene/HBB,13.07,200,0,0.0147
local,concorrente,motor,5,/api/gene/MSH2,14.24,200,0,0.0147
local,concorrente,motor,5,/api/variant/rs334,13.74,200,0,0.0147
local,concorrente,motor,5,/api/variant/rs1800562,13.41,200,0,0.0147
local,concorrente,motor,5,/api/gene/MLH1,8.81,200,1,0.0133
local,concorrente,motor,5,/api/gene/HBB,11.88,200,1,0.0133
local,concorrente,motor,5,/api/gene/MSH2,12.69,200,1,0.0133
local,concorrente,motor,5,/api/variant/rs334,12.11,200,1,0.0133
local,concorrente,motor,5,/api/variant/rs1800562,11.18,200,1,0.0133
local,concorrente,motor,5,/api/gene/MLH1,29.88,200,2,0.0353
local,concorrente,motor,5,/api/gene/HBB,34.02,200,2,0.0353
local,concorrente,motor,5,/api/gene/MSH2,34.66,200,2,0.0353
local,concorrente,motor,5,/api/variant/rs334,34.06,200,2,0.0353
local,concorrente,motor,5,/api/variant/rs1800562,32.89,200,2,0.0353
local,concorrente,motor,10,/api/gene/MLH1,12.55,200,0,0.0265
local,concorrente,motor,10,/api/gene/HBB,13.67,200,0,0.0265
local,concorrente,motor,10,/api/gene/MSH2,25.79,200,0,0.0265
local,concorrente,motor,10,/api/variant/rs334,13.93,200,0,0.0265
local,concorrente,motor,10,/api/variant/rs1800562,12.99,200,0,0.0265
local,concorrente,motor,10,/api/variant/rs6025,22.94,200,0,0.0265
local,concorrente,motor,10,/api/disease/anemia-falciforme,23.74,200,0,0.0265
local,concorrente,motor,10,/api/disease/talassemia-beta,12.42,200,0,0.0265
local,concorrente,motor,10,/api/panel/cancer-mama-ovario-hereditario,23.8,200,0,0.0265
local,concorrente,motor,10,/api/panel/cancer-colorretal-hereditario,23.24,200,0,0.0265
local,concorrente,motor,10,/api/gene/MLH1,36.52,200,1,0.0458
local,concorrente,motor,10,/api/gene/HBB,41.51,200,1,0.0458
local,concorrente,motor,10,/api/gene/MSH2,44.88,200,1,0.0458
local,concorrente,motor,10,/api/variant/rs334,43.37,200,1,0.0458
local,concorrente,motor,10,/api/variant/rs1800562,42.45,200,1,0.0458
local,concorrente,motor,10,/api/variant/rs6025,42.43,200,1,0.0458
local,concorrente,motor,10,/api/disease/anemia-falciforme,42.92,200,1,0.0458
local,concorrente,motor,10,/api/disease/talassemia-beta,42.09,200,1,0.0458
local,concorrente,motor,10,/api/panel/cancer-mama-ovario-hereditario,41.97,200,1,0.0458
local,concorrente,motor,10,/api/panel/cancer-colorretal-hereditario,40.85,200,1,0.0458
local,concorrente,motor,10,/api/gene/MLH1,15.23,200,2,0.0265
local,concorrente,motor,10,/api/gene/HBB,16.33,200,2,0.0265
local,concorrente,motor,10,/api/gene/MSH2,24.0,200,2,0.0265
local,concorrente,motor,10,/api/variant/rs334,18.24,200,2,0.0265
local,concorrente,motor,10,/api/variant/rs1800562,14.21,200,2,0.0265
local,concorrente,motor,10,/api/variant/rs6025,19.9,200,2,0.0265
local,concorrente,motor,10,/api/disease/anemia-falciforme,23.68,200,2,0.0265
local,concorrente,motor,10,/api/disease/talassemia-beta,15.07,200,2,0.0265
local,concorrente,motor,10,/api/panel/cancer-mama-ovario-hereditario,23.5,200,2,0.0265
local,concorrente,motor,10,/api/panel/cancer-colorretal-hereditario,19.75,200,2,0.0265
local,concorrente,motor,20,/api/gene/MLH1,21.11,200,0,0.0551
local,concorrente,motor,20,/api/gene/HBB,21.53,200,0,0.0551
local,concorrente,motor,20,/api/gene/MSH2,45.17,200,0,0.0551
local,concorrente,motor,20,/api/variant/rs334,25.83,200,0,0.0551
local,concorrente,motor,20,/api/variant/rs1800562,18.27,200,0,0.0551
local,concorrente,motor,20,/api/variant/rs6025,52.01,200,0,0.0551
local,concorrente,motor,20,/api/disease/anemia-falciforme,29.32,200,0,0.0551
local,concorrente,motor,20,/api/disease/talassemia-beta,19.01,200,0,0.0551
local,concorrente,motor,20,/api/panel/cancer-mama-ovario-hereditario,38.36,200,0,0.0551
local,concorrente,motor,20,/api/panel/cancer-colorretal-hereditario,47.7,200,0,0.0551
local,concorrente,motor,20,/api/gene/MLH1,45.14,200,0,0.0551
local,concorrente,motor,20,/api/gene/HBB,38.39,200,0,0.0551
local,concorrente,motor,20,/api/gene/MSH2,27.96,200,0,0.0551
local,concorrente,motor,20,/api/variant/rs334,26.3,200,0,0.0551
local,concorrente,motor,20,/api/variant/rs1800562,37.96,200,0,0.0551
local,concorrente,motor,20,/api/variant/rs6025,47.75,200,0,0.0551
local,concorrente,motor,20,/api/disease/anemia-falciforme,30.13,200,0,0.0551
local,concorrente,motor,20,/api/disease/talassemia-beta,43.74,200,0,0.0551
local,concorrente,motor,20,/api/panel/cancer-mama-ovario-hereditario,39.21,200,0,0.0551
local,concorrente,motor,20,/api/panel/cancer-colorretal-hereditario,44.86,200,0,0.0551
local,concorrente,motor,20,/api/gene/MLH1,31.4,200,1,0.0693
local,concorrente,motor,20,/api/gene/HBB,32.37,200,1,0.0693
local,concorrente,motor,20,/api/gene/MSH2,66.32,200,1,0.0693
local,concorrente,motor,20,/api/variant/rs334,36.0,200,1,0.0693
local,concorrente,motor,20,/api/variant/rs1800562,27.89,200,1,0.0693
local,concorrente,motor,20,/api/variant/rs6025,58.99,200,1,0.0693
local,concorrente,motor,20,/api/disease/anemia-falciforme,55.25,200,1,0.0693
local,concorrente,motor,20,/api/disease/talassemia-beta,28.19,200,1,0.0693
local,concorrente,motor,20,/api/panel/cancer-mama-ovario-hereditario,57.54,200,1,0.0693
local,concorrente,motor,20,/api/panel/cancer-colorretal-hereditario,64.45,200,1,0.0693
local,concorrente,motor,20,/api/gene/MLH1,47.98,200,1,0.0693
local,concorrente,motor,20,/api/gene/HBB,56.43,200,1,0.0693
local,concorrente,motor,20,/api/gene/MSH2,39.56,200,1,0.0693
local,concorrente,motor,20,/api/variant/rs334,54.97,200,1,0.0693
local,concorrente,motor,20,/api/variant/rs1800562,35.75,200,1,0.0693
local,concorrente,motor,20,/api/variant/rs6025,37.43,200,1,0.0693
local,concorrente,motor,20,/api/disease/anemia-falciforme,54.5,200,1,0.0693
local,concorrente,motor,20,/api/disease/talassemia-beta,58.34,200,1,0.0693
local,concorrente,motor,20,/api/panel/cancer-mama-ovario-hereditario,40.0,200,1,0.0693
local,concorrente,motor,20,/api/panel/cancer-colorretal-hereditario,51.23,200,1,0.0693
local,concorrente,motor,20,/api/gene/MLH1,30.97,200,2,0.0751
local,concorrente,motor,20,/api/gene/HBB,31.95,200,2,0.0751
local,concorrente,motor,20,/api/gene/MSH2,63.74,200,2,0.0751
local,concorrente,motor,20,/api/variant/rs334,34.96,200,2,0.0751
local,concorrente,motor,20,/api/variant/rs1800562,26.48,200,2,0.0751
local,concorrente,motor,20,/api/variant/rs6025,65.77,200,2,0.0751
local,concorrente,motor,20,/api/disease/anemia-falciforme,52.94,200,2,0.0751
local,concorrente,motor,20,/api/disease/talassemia-beta,26.86,200,2,0.0751
local,concorrente,motor,20,/api/panel/cancer-mama-ovario-hereditario,55.41,200,2,0.0751
local,concorrente,motor,20,/api/panel/cancer-colorretal-hereditario,60.81,200,2,0.0751
local,concorrente,motor,20,/api/gene/MLH1,49.76,200,2,0.0751
local,concorrente,motor,20,/api/gene/HBB,69.52,200,2,0.0751
local,concorrente,motor,20,/api/gene/MSH2,42.31,200,2,0.0751
local,concorrente,motor,20,/api/variant/rs334,60.48,200,2,0.0751
local,concorrente,motor,20,/api/variant/rs1800562,39.76,200,2,0.0751
local,concorrente,motor,20,/api/variant/rs6025,39.82,200,2,0.0751
local,concorrente,motor,20,/api/disease/anemia-falciforme,61.93,200,2,0.0751
local,concorrente,motor,20,/api/disease/talassemia-beta,62.27,200,2,0.0751
local,concorrente,motor,20,/api/panel/cancer-mama-ovario-hereditario,44.35,200,2,0.0751
local,concorrente,motor,20,/api/panel/cancer-colorretal-hereditario,61.83,200,2,0.0751
local,concorrente,motor,40,/api/gene/MLH1,43.46,200,0,0.1352
local,concorrente,motor,40,/api/gene/HBB,44.21,200,0,0.1352
local,concorrente,motor,40,/api/gene/MSH2,133.25,200,0,0.1352
local,concorrente,motor,40,/api/variant/rs334,46.5,200,0,0.1352
local,concorrente,motor,40,/api/variant/rs1800562,38.49,200,0,0.1352
local,concorrente,motor,40,/api/variant/rs6025,108.72,200,0,0.1352
local,concorrente,motor,40,/api/disease/anemia-falciforme,63.22,200,0,0.1352
local,concorrente,motor,40,/api/disease/talassemia-beta,37.43,200,0,0.1352
local,concorrente,motor,40,/api/panel/cancer-mama-ovario-hereditario,115.31,200,0,0.1352
local,concorrente,motor,40,/api/panel/cancer-colorretal-hereditario,75.16,200,0,0.1352
local,concorrente,motor,40,/api/gene/MLH1,58.64,200,0,0.1352
local,concorrente,motor,40,/api/gene/HBB,104.43,200,0,0.1352
local,concorrente,motor,40,/api/gene/MSH2,49.04,200,0,0.1352
local,concorrente,motor,40,/api/variant/rs334,86.21,200,0,0.1352
local,concorrente,motor,40,/api/variant/rs1800562,45.46,200,0,0.1352
local,concorrente,motor,40,/api/variant/rs6025,47.59,200,0,0.1352
local,concorrente,motor,40,/api/disease/anemia-falciforme,72.52,200,0,0.1352
local,concorrente,motor,40,/api/disease/talassemia-beta,112.23,200,0,0.1352
local,concorrente,motor,40,/api/panel/cancer-mama-ovario-hereditario,51.68,200,0,0.1352
local,concorrente,motor,40,/api/panel/cancer-colorretal-hereditario,64.69,200,0,0.1352
local,concorrente,motor,40,/api/gene/MLH1,70.33,200,0,0.1352
local,concorrente,motor,40,/api/gene/HBB,67.12,200,0,0.1352
local,concorrente,motor,40,/api/gene/MSH2,67.3,200,0,0.1352
local,concorrente,motor,40,/api/variant/rs334,107.57,200,0,0.1352
local,concorrente,motor,40,/api/variant/rs1800562,94.27,200,0,0.1352
local,concorrente,motor,40,/api/variant/rs6025,80.79,200,0,0.1352
local,concorrente,motor,40,/api/disease/anemia-falciforme,64.46,200,0,0.1352
local,concorrente,motor,40,/api/disease/talassemia-beta,109.54,200,0,0.1352
local,concorrente,motor,40,/api/panel/cancer-mama-ovario-hereditario,71.53,200,0,0.1352
local,concorrente,motor,40,/api/panel/cancer-colorretal-hereditario,97.07,200,0,0.1352
local,concorrente,motor,40,/api/gene/MLH1,108.23,200,0,0.1352
local,concorrente,motor,40,/api/gene/HBB,71.4,200,0,0.1352
local,concorrente,motor,40,/api/gene/MSH2,111.89,200,0,0.1352
local,concorrente,motor,40,/api/variant/rs334,82.07,200,0,0.1352
local,concorrente,motor,40,/api/variant/rs1800562,70.47,200,0,0.1352
local,concorrente,motor,40,/api/variant/rs6025,110.54,200,0,0.1352
local,concorrente,motor,40,/api/disease/anemia-falciforme,76.84,200,0,0.1352
local,concorrente,motor,40,/api/disease/talassemia-beta,89.29,200,0,0.1352
local,concorrente,motor,40,/api/panel/cancer-mama-ovario-hereditario,84.8,200,0,0.1352
local,concorrente,motor,40,/api/panel/cancer-colorretal-hereditario,93.4,200,0,0.1352
local,concorrente,motor,40,/api/gene/MLH1,36.07,200,1,0.1269
local,concorrente,motor,40,/api/gene/HBB,37.07,200,1,0.1269
local,concorrente,motor,40,/api/gene/MSH2,92.5,200,1,0.1269
local,concorrente,motor,40,/api/variant/rs334,39.96,200,1,0.1269
local,concorrente,motor,40,/api/variant/rs1800562,32.83,200,1,0.1269
local,concorrente,motor,40,/api/variant/rs6025,117.05,200,1,0.1269
local,concorrente,motor,40,/api/disease/anemia-falciforme,61.58,200,1,0.1269
local,concorrente,motor,40,/api/disease/talassemia-beta,32.77,200,1,0.1269
local,concorrente,motor,40,/api/panel/cancer-mama-ovario-hereditario,121.52,200,1,0.1269
local,concorrente,motor,40,/api/panel/cancer-colorretal-hereditario,67.74,200,1,0.1269
local,concorrente,motor,40,/api/gene/MLH1,51.01,200,1,0.1269
local,concorrente,motor,40,/api/gene/HBB,104.38,200,1,0.1269
local,concorrente,motor,40,/api/gene/MSH2,42.82,200,1,0.1269
local,concorrente,motor,40,/api/variant/rs334,85.45,200,1,0.1269
local,concorrente,motor,40,/api/variant/rs1800562,40.33,200,1,0.1269
local,concorrente,motor,40,/api/variant/rs6025,42.01,200,1,0.1269
local,concorrente,motor,40,/api/disease/anemia-falciforme,69.42,200,1,0.1269
local,concorrente,motor,40,/api/disease/talassemia-beta,118.85,200,1,0.1269
local,concorrente,motor,40,/api/panel/cancer-mama-ovario-hereditario,46.71,200,1,0.1269
local,concorrente,motor,40,/api/panel/cancer-colorretal-hereditario,60.17,200,1,0.1269
local,concorrente,motor,40,/api/gene/MLH1,115.79,200,1,0.1269
local,concorrente,motor,40,/api/gene/HBB,62.31,200,1,0.1269
local,concorrente,motor,40,/api/gene/MSH2,65.24,200,1,0.1269
local,concorrente,motor,40,/api/variant/rs334,93.4,200,1,0.1269
local,concorrente,motor,40,/api/variant/rs1800562,101.94,200,1,0.1269
local,concorrente,motor,40,/api/variant/rs6025,60.75,200,1,0.1269
local,concorrente,motor,40,/api/disease/anemia-falciforme,60.73,200,1,0.1269
local,concorrente,motor,40,/api/disease/talassemia-beta,105.19,200,1,0.1269
local,concorrente,motor,40,/api/panel/cancer-mama-ovario-hereditario,86.48,200,1,0.1269
local,concorrente,motor,40,/api/panel/cancer-colorretal-hereditario,93.48,200,1,0.1269
local,concorrente,motor,40,/api/gene/MLH1,103.25,200,1,0.1269
local,concorrente,motor,40,/api/gene/HBB,71.07,200,1,0.1269
local,concorrente,motor,40,/api/gene/MSH2,76.4,200,1,0.1269
local,concorrente,motor,40,/api/variant/rs334,80.38,200,1,0.1269
local,concorrente,motor,40,/api/variant/rs1800562,99.08,200,1,0.1269
local,concorrente,motor,40,/api/variant/rs6025,75.12,200,1,0.1269
local,concorrente,motor,40,/api/disease/anemia-falciforme,75.0,200,1,0.1269
local,concorrente,motor,40,/api/disease/talassemia-beta,95.04,200,1,0.1269
local,concorrente,motor,40,/api/panel/cancer-mama-ovario-hereditario,106.94,200,1,0.1269
local,concorrente,motor,40,/api/panel/cancer-colorretal-hereditario,74.27,200,1,0.1269
local,concorrente,motor,40,/api/gene/MLH1,42.96,200,2,0.1504
local,concorrente,motor,40,/api/gene/HBB,43.83,200,2,0.1504
local,concorrente,motor,40,/api/gene/MSH2,129.55,200,2,0.1504
local,concorrente,motor,40,/api/variant/rs334,46.63,200,2,0.1504
local,concorrente,motor,40,/api/variant/rs1800562,37.52,200,2,0.1504
local,concorrente,motor,40,/api/variant/rs6025,142.84,200,2,0.1504
local,concorrente,motor,40,/api/disease/anemia-falciforme,64.84,200,2,0.1504
local,concorrente,motor,40,/api/disease/talassemia-beta,37.64,200,2,0.1504
local,concorrente,motor,40,/api/panel/cancer-mama-ovario-hereditario,143.25,200,2,0.1504
local,concorrente,motor,40,/api/panel/cancer-colorretal-hereditario,80.49,200,2,0.1504
local,concorrente,motor,40,/api/gene/MLH1,60.61,200,2,0.1504
local,concorrente,motor,40,/api/gene/HBB,130.64,200,2,0.1504
local,concorrente,motor,40,/api/gene/MSH2,50.41,200,2,0.1504
local,concorrente,motor,40,/api/variant/rs334,123.86,200,2,0.1504
local,concorrente,motor,40,/api/variant/rs1800562,46.73,200,2,0.1504
local,concorrente,motor,40,/api/variant/rs6025,48.74,200,2,0.1504
local,concorrente,motor,40,/api/disease/anemia-falciforme,77.22,200,2,0.1504
local,concorrente,motor,40,/api/disease/talassemia-beta,120.93,200,2,0.1504
local,concorrente,motor,40,/api/panel/cancer-mama-ovario-hereditario,54.78,200,2,0.1504
local,concorrente,motor,40,/api/panel/cancer-colorretal-hereditario,69.21,200,2,0.1504
local,concorrente,motor,40,/api/gene/MLH1,114.05,200,2,0.1504
local,concorrente,motor,40,/api/gene/HBB,72.52,200,2,0.1504
local,concorrente,motor,40,/api/gene/MSH2,76.66,200,2,0.1504
local,concorrente,motor,40,/api/variant/rs334,119.91,200,2,0.1504
local,concorrente,motor,40,/api/variant/rs1800562,78.9,200,2,0.1504
local,concorrente,motor,40,/api/variant/rs6025,70.34,200,2,0.1504
local,concorrente,motor,40,/api/disease/anemia-falciforme,70.69,200,2,0.1504
local,concorrente,motor,40,/api/disease/talassemia-beta,116.94,200,2,0.1504
local,concorrente,motor,40,/api/panel/cancer-mama-ovario-hereditario,115.65,200,2,0.1504
local,concorrente,motor,40,/api/panel/cancer-colorretal-hereditario,115.6,200,2,0.1504
local,concorrente,motor,40,/api/gene/MLH1,132.05,200,2,0.1504
local,concorrente,motor,40,/api/gene/HBB,77.68,200,2,0.1504
local,concorrente,motor,40,/api/gene/MSH2,130.1,200,2,0.1504
local,concorrente,motor,40,/api/variant/rs334,127.68,200,2,0.1504
local,concorrente,motor,40,/api/variant/rs1800562,111.85,200,2,0.1504
local,concorrente,motor,40,/api/variant/rs6025,114.13,200,2,0.1504
local,concorrente,motor,40,/api/disease/anemia-falciforme,79.36,200,2,0.1504
local,concorrente,motor,40,/api/disease/talassemia-beta,124.28,200,2,0.1504
local,concorrente,motor,40,/api/panel/cancer-mama-ovario-hereditario,81.37,200,2,0.1504
local,concorrente,motor,40,/api/panel/cancer-colorretal-hereditario,84.75,200,2,0.1504
local,concorrente,motor,80,/api/gene/MLH1,94.83,200,0,0.4184
local,concorrente,motor,80,/api/gene/HBB,92.53,200,0,0.4184
local,concorrente,motor,80,/api/gene/MSH2,336.12,200,0,0.4184
local,concorrente,motor,80,/api/variant/rs334,99.31,200,0,0.4184
local,concorrente,motor,80,/api/variant/rs1800562,86.21,200,0,0.4184
local,concorrente,motor,80,/api/variant/rs6025,136.51,200,0,0.4184
local,concorrente,motor,80,/api/disease/anemia-falciforme,108.79,200,0,0.4184
local,concorrente,motor,80,/api/disease/talassemia-beta,88.57,200,0,0.4184
local,concorrente,motor,80,/api/panel/cancer-mama-ovario-hereditario,108.67,200,0,0.4184
local,concorrente,motor,80,/api/panel/cancer-colorretal-hereditario,335.4,200,0,0.4184
local,concorrente,motor,80,/api/gene/MLH1,152.05,200,0,0.4184
local,concorrente,motor,80,/api/gene/HBB,122.31,200,0,0.4184
local,concorrente,motor,80,/api/gene/MSH2,103.88,200,0,0.4184
local,concorrente,motor,80,/api/variant/rs334,95.38,200,0,0.4184
local,concorrente,motor,80,/api/variant/rs1800562,316.78,200,0,0.4184
local,concorrente,motor,80,/api/variant/rs6025,329.17,200,0,0.4184
local,concorrente,motor,80,/api/disease/anemia-falciforme,106.28,200,0,0.4184
local,concorrente,motor,80,/api/disease/talassemia-beta,142.35,200,0,0.4184
local,concorrente,motor,80,/api/panel/cancer-mama-ovario-hereditario,171.38,200,0,0.4184
local,concorrente,motor,80,/api/panel/cancer-colorretal-hereditario,112.47,200,0,0.4184
local,concorrente,motor,80,/api/gene/MLH1,125.64,200,0,0.4184
local,concorrente,motor,80,/api/gene/HBB,128.54,200,0,0.4184
local,concorrente,motor,80,/api/gene/MSH2,386.82,200,0,0.4184
local,concorrente,motor,80,/api/variant/rs334,190.2,200,0,0.4184
local,concorrente,motor,80,/api/variant/rs1800562,334.13,200,0,0.4184
local,concorrente,motor,80,/api/variant/rs6025,154.52,200,0,0.4184
local,concorrente,motor,80,/api/disease/anemia-falciforme,130.25,200,0,0.4184
local,concorrente,motor,80,/api/disease/talassemia-beta,202.43,200,0,0.4184
local,concorrente,motor,80,/api/panel/cancer-mama-ovario-hereditario,375.85,200,0,0.4184
local,concorrente,motor,80,/api/panel/cancer-colorretal-hereditario,338.79,200,0,0.4184
local,concorrente,motor,80,/api/gene/MLH1,145.6,200,0,0.4184
local,concorrente,motor,80,/api/gene/HBB,375.82,200,0,0.4184
local,concorrente,motor,80,/api/gene/MSH2,148.74,200,0,0.4184
local,concorrente,motor,80,/api/variant/rs334,249.62,200,0,0.4184
local,concorrente,motor,80,/api/variant/rs1800562,154.03,200,0,0.4184
local,concorrente,motor,80,/api/variant/rs6025,147.13,200,0,0.4184
local,concorrente,motor,80,/api/disease/anemia-falciforme,149.93,200,0,0.4184
local,concorrente,motor,80,/api/disease/talassemia-beta,202.52,200,0,0.4184
local,concorrente,motor,80,/api/panel/cancer-mama-ovario-hereditario,172.09,200,0,0.4184
local,concorrente,motor,80,/api/panel/cancer-colorretal-hereditario,331.14,200,0,0.4184
local,concorrente,motor,80,/api/gene/MLH1,163.87,200,0,0.4184
local,concorrente,motor,80,/api/gene/HBB,321.99,200,0,0.4184
local,concorrente,motor,80,/api/gene/MSH2,171.82,200,0,0.4184
local,concorrente,motor,80,/api/variant/rs334,189.81,200,0,0.4184
local,concorrente,motor,80,/api/variant/rs1800562,180.47,200,0,0.4184
local,concorrente,motor,80,/api/variant/rs6025,195.28,200,0,0.4184
local,concorrente,motor,80,/api/disease/anemia-falciforme,316.3,200,0,0.4184
local,concorrente,motor,80,/api/disease/talassemia-beta,173.45,200,0,0.4184
local,concorrente,motor,80,/api/panel/cancer-mama-ovario-hereditario,337.55,200,0,0.4184
local,concorrente,motor,80,/api/panel/cancer-colorretal-hereditario,177.27,200,0,0.4184
local,concorrente,motor,80,/api/gene/MLH1,215.29,200,0,0.4184
local,concorrente,motor,80,/api/gene/HBB,196.96,200,0,0.4184
local,concorrente,motor,80,/api/gene/MSH2,193.03,200,0,0.4184
local,concorrente,motor,80,/api/variant/rs334,228.36,200,0,0.4184
local,concorrente,motor,80,/api/variant/rs1800562,224.88,200,0,0.4184
local,concorrente,motor,80,/api/variant/rs6025,194.3,200,0,0.4184
local,concorrente,motor,80,/api/disease/anemia-falciforme,205.1,200,0,0.4184
local,concorrente,motor,80,/api/disease/talassemia-beta,219.36,200,0,0.4184
local,concorrente,motor,80,/api/panel/cancer-mama-ovario-hereditario,199.73,200,0,0.4184
local,concorrente,motor,80,/api/panel/cancer-colorretal-hereditario,277.06,200,0,0.4184
local,concorrente,motor,80,/api/gene/MLH1,363.63,200,0,0.4184
local,concorrente,motor,80,/api/gene/HBB,246.58,200,0,0.4184
local,concorrente,motor,80,/api/gene/MSH2,263.31,200,0,0.4184
local,concorrente,motor,80,/api/variant/rs334,204.58,200,0,0.4184
local,concorrente,motor,80,/api/variant/rs1800562,333.95,200,0,0.4184
local,concorrente,motor,80,/api/variant/rs6025,233.51,200,0,0.4184
local,concorrente,motor,80,/api/disease/anemia-falciforme,238.33,200,0,0.4184
local,concorrente,motor,80,/api/disease/talassemia-beta,311.14,200,0,0.4184
local,concorrente,motor,80,/api/panel/cancer-mama-ovario-hereditario,231.44,200,0,0.4184
local,concorrente,motor,80,/api/panel/cancer-colorretal-hereditario,219.97,200,0,0.4184
local,concorrente,motor,80,/api/gene/MLH1,287.29,200,0,0.4184
local,concorrente,motor,80,/api/gene/HBB,349.93,200,0,0.4184
local,concorrente,motor,80,/api/gene/MSH2,237.61,200,0,0.4184
local,concorrente,motor,80,/api/variant/rs334,310.81,200,0,0.4184
local,concorrente,motor,80,/api/variant/rs1800562,320.98,200,0,0.4184
local,concorrente,motor,80,/api/variant/rs6025,237.6,200,0,0.4184
local,concorrente,motor,80,/api/disease/anemia-falciforme,256.19,200,0,0.4184
local,concorrente,motor,80,/api/disease/talassemia-beta,326.24,200,0,0.4184
local,concorrente,motor,80,/api/panel/cancer-mama-ovario-hereditario,347.26,200,0,0.4184
local,concorrente,motor,80,/api/panel/cancer-colorretal-hereditario,317.11,200,0,0.4184
local,concorrente,motor,80,/api/gene/MLH1,124.47,200,1,0.5397
local,concorrente,motor,80,/api/gene/HBB,126.3,200,1,0.5397
local,concorrente,motor,80,/api/gene/MSH2,471.25,200,1,0.5397
local,concorrente,motor,80,/api/variant/rs334,135.07,200,1,0.5397
local,concorrente,motor,80,/api/variant/rs1800562,114.88,200,1,0.5397
local,concorrente,motor,80,/api/variant/rs6025,197.32,200,1,0.5397
local,concorrente,motor,80,/api/disease/anemia-falciforme,148.87,200,1,0.5397
local,concorrente,motor,80,/api/disease/talassemia-beta,119.97,200,1,0.5397
local,concorrente,motor,80,/api/panel/cancer-mama-ovario-hereditario,168.34,200,1,0.5397
local,concorrente,motor,80,/api/panel/cancer-colorretal-hereditario,524.28,200,1,0.5397
local,concorrente,motor,80,/api/gene/MLH1,183.48,200,1,0.5397
local,concorrente,motor,80,/api/gene/HBB,167.03,200,1,0.5397
local,concorrente,motor,80,/api/gene/MSH2,138.71,200,1,0.5397
local,concorrente,motor,80,/api/variant/rs334,130.34,200,1,0.5397
local,concorrente,motor,80,/api/variant/rs1800562,399.45,200,1,0.5397
local,concorrente,motor,80,/api/variant/rs6025,420.36,200,1,0.5397
local,concorrente,motor,80,/api/disease/anemia-falciforme,145.48,200,1,0.5397
local,concorrente,motor,80,/api/disease/talassemia-beta,177.19,200,1,0.5397
local,concorrente,motor,80,/api/panel/cancer-mama-ovario-hereditario,515.85,200,1,0.5397
local,concorrente,motor,80,/api/panel/cancer-colorretal-hereditario,154.95,200,1,0.5397
local,concorrente,motor,80,/api/gene/MLH1,166.56,200,1,0.5397
local,concorrente,motor,80,/api/gene/HBB,437.64,200,1,0.5397
local,concorrente,motor,80,/api/gene/MSH2,209.27,200,1,0.5397
local,concorrente,motor,80,/api/variant/rs334,168.38,200,1,0.5397
local,concorrente,motor,80,/api/variant/rs1800562,460.11,200,1,0.5397
local,concorrente,motor,80,/api/variant/rs6025,327.9,200,1,0.5397
local,concorrente,motor,80,/api/disease/anemia-falciforme,177.68,200,1,0.5397
local,concorrente,motor,80,/api/disease/talassemia-beta,225.02,200,1,0.5397
local,concorrente,motor,80,/api/panel/cancer-mama-ovario-hereditario,203.27,200,1,0.5397
local,concorrente,motor,80,/api/panel/cancer-colorretal-hereditario,179.99,200,1,0.5397
local,concorrente,motor,80,/api/gene/MLH1,189.4,200,1,0.5397
local,concorrente,motor,80,/api/gene/HBB,406.12,200,1,0.5397
local,concorrente,motor,80,/api/gene/MSH2,233.54,200,1,0.5397
local,concorrente,motor,80,/api/variant/rs334,206.61,200,1,0.5397
local,concorrente,motor,80,/api/variant/rs1800562,188.55,200,1,0.5397
local,concorrente,motor,80,/api/variant/rs6025,201.21,200,1,0.5397
local,concorrente,motor,80,/api/disease/anemia-falciforme,196.85,200,1,0.5397
local,concorrente,motor,80,/api/disease/talassemia-beta,255.84,200,1,0.5397
local,concorrente,motor,80,/api/panel/cancer-mama-ovario-hereditario,417.57,200,1,0.5397
local,concorrente,motor,80,/api/panel/cancer-colorretal-hereditario,448.28,200,1,0.5397
local,concorrente,motor,80,/api/gene/MLH1,210.73,200,1,0.5397
local,concorrente,motor,80,/api/gene/HBB,213.26,200,1,0.5397
local,concorrente,motor,80,/api/gene/MSH2,228.66,200,1,0.5397
local,concorrente,motor,80,/api/variant/rs334,431.86,200,1,0.5397
local,concorrente,motor,80,/api/variant/rs1800562,423.53,200,1,0.5397
local,concorrente,motor,80,/api/variant/rs6025,227.15,200,1,0.5397
local,concorrente,motor,80,/api/disease/anemia-falciforme,253.78,200,1,0.5397
local,concorrente,motor,80,/api/disease/talassemia-beta,293.2,200,1,0.5397
local,concorrente,motor,80,/api/panel/cancer-mama-ovario-hereditario,222.37,200,1,0.5397
local,concorrente,motor,80,/api/panel/cancer-colorretal-hereditario,222.28,200,1,0.5397
local,concorrente,motor,80,/api/gene/MLH1,237.35,200,1,0.5397
local,concorrente,motor,80,/api/gene/HBB,238.68,200,1,0.5397
local,concorrente,motor,80,/api/gene/MSH2,394.19,200,1,0.5397
local,concorrente,motor,80,/api/variant/rs334,275.02,200,1,0.5397
local,concorrente,motor,80,/api/variant/rs1800562,399.39,200,1,0.5397
local,concorrente,motor,80,/api/variant/rs6025,253.21,200,1,0.5397
local,concorrente,motor,80,/api/disease/anemia-falciforme,255.79,200,1,0.5397
local,concorrente,motor,80,/api/disease/talassemia-beta,261.3,200,1,0.5397
local,concorrente,motor,80,/api/panel/cancer-mama-ovario-hereditario,261.11,200,1,0.5397
local,concorrente,motor,80,/api/panel/cancer-colorretal-hereditario,397.76,200,1,0.5397
local,concorrente,motor,80,/api/gene/MLH1,264.09,200,1,0.5397
local,concorrente,motor,80,/api/gene/HBB,318.24,200,1,0.5397
local,concorrente,motor,80,/api/gene/MSH2,330.3,200,1,0.5397
local,concorrente,motor,80,/api/variant/rs334,308.87,200,1,0.5397
local,concorrente,motor,80,/api/variant/rs1800562,289.92,200,1,0.5397
local,concorrente,motor,80,/api/variant/rs6025,265.49,200,1,0.5397
local,concorrente,motor,80,/api/disease/anemia-falciforme,267.7,200,1,0.5397
local,concorrente,motor,80,/api/disease/talassemia-beta,292.06,200,1,0.5397
local,concorrente,motor,80,/api/panel/cancer-mama-ovario-hereditario,280.53,200,1,0.5397
local,concorrente,motor,80,/api/panel/cancer-colorretal-hereditario,456.86,200,1,0.5397
local,concorrente,motor,80,/api/gene/MLH1,459.56,200,1,0.5397
local,concorrente,motor,80,/api/gene/HBB,328.6,200,1,0.5397
local,concorrente,motor,80,/api/gene/MSH2,447.38,200,1,0.5397
local,concorrente,motor,80,/api/variant/rs334,289.35,200,1,0.5397
local,concorrente,motor,80,/api/variant/rs1800562,342.2,200,1,0.5397
local,concorrente,motor,80,/api/variant/rs6025,450.68,200,1,0.5397
local,concorrente,motor,80,/api/disease/anemia-falciforme,294.5,200,1,0.5397
local,concorrente,motor,80,/api/disease/talassemia-beta,404.97,200,1,0.5397
local,concorrente,motor,80,/api/panel/cancer-mama-ovario-hereditario,302.54,200,1,0.5397
local,concorrente,motor,80,/api/panel/cancer-colorretal-hereditario,336.41,200,1,0.5397
local,concorrente,motor,80,/api/gene/MLH1,148.67,200,2,0.5371
local,concorrente,motor,80,/api/gene/HBB,155.01,200,2,0.5371
local,concorrente,motor,80,/api/gene/MSH2,486.87,200,2,0.5371
local,concorrente,motor,80,/api/variant/rs334,166.36,200,2,0.5371
local,concorrente,motor,80,/api/variant/rs1800562,150.1,200,2,0.5371
local,concorrente,motor,80,/api/variant/rs6025,179.46,200,2,0.5371
local,concorrente,motor,80,/api/disease/anemia-falciforme,450.67,200,2,0.5371
local,concorrente,motor,80,/api/disease/talassemia-beta,146.08,200,2,0.5371
local,concorrente,motor,80,/api/panel/cancer-mama-ovario-hereditario,452.27,200,2,0.5371
local,concorrente,motor,80,/api/panel/cancer-colorretal-hereditario,181.75,200,2,0.5371
local,concorrente,motor,80,/api/gene/MLH1,143.06,200,2,0.5371
local,concorrente,motor,80,/api/gene/HBB,144.76,200,2,0.5371
local,concorrente,motor,80,/api/gene/MSH2,139.7,200,2,0.5371
local,concorrente,motor,80,/api/variant/rs334,435.85,200,2,0.5371
local,concorrente,motor,80,/api/variant/rs1800562,434.43,200,2,0.5371
local,concorrente,motor,80,/api/variant/rs6025,194.99,200,2,0.5371
local,concorrente,motor,80,/api/disease/anemia-falciforme,145.59,200,2,0.5371
local,concorrente,motor,80,/api/disease/talassemia-beta,133.09,200,2,0.5371
local,concorrente,motor,80,/api/panel/cancer-mama-ovario-hereditario,474.89,200,2,0.5371
local,concorrente,motor,80,/api/panel/cancer-colorretal-hereditario,186.89,200,2,0.5371
local,concorrente,motor,80,/api/gene/MLH1,155.91,200,2,0.5371
local,concorrente,motor,80,/api/gene/HBB,158.03,200,2,0.5371
local,concorrente,motor,80,/api/gene/MSH2,170.85,200,2,0.5371
local,concorrente,motor,80,/api/variant/rs334,149.33,200,2,0.5371
local,concorrente,motor,80,/api/variant/rs1800562,465.47,200,2,0.5371
local,concorrente,motor,80,/api/variant/rs6025,466.3,200,2,0.5371
local,concorrente,motor,80,/api/disease/anemia-falciforme,353.33,200,2,0.5371
local,concorrente,motor,80,/api/disease/talassemia-beta,208.81,200,2,0.5371
local,concorrente,motor,80,/api/panel/cancer-mama-ovario-hereditario,161.54,200,2,0.5371
local,concorrente,motor,80,/api/panel/cancer-colorretal-hereditario,185.57,200,2,0.5371
local,concorrente,motor,80,/api/gene/MLH1,174.41,200,2,0.5371
local,concorrente,motor,80,/api/gene/HBB,179.83,200,2,0.5371
local,concorrente,motor,80,/api/gene/MSH2,246.73,200,2,0.5371
local,concorrente,motor,80,/api/variant/rs334,183.19,200,2,0.5371
local,concorrente,motor,80,/api/variant/rs1800562,251.69,200,2,0.5371
local,concorrente,motor,80,/api/variant/rs6025,173.73,200,2,0.5371
local,concorrente,motor,80,/api/disease/anemia-falciforme,271.32,200,2,0.5371
local,concorrente,motor,80,/api/disease/talassemia-beta,184.51,200,2,0.5371
local,concorrente,motor,80,/api/panel/cancer-mama-ovario-hereditario,205.17,200,2,0.5371
local,concorrente,motor,80,/api/panel/cancer-colorretal-hereditario,189.59,200,2,0.5371
local,concorrente,motor,80,/api/gene/MLH1,187.67,200,2,0.5371
local,concorrente,motor,80,/api/gene/HBB,257.14,200,2,0.5371
local,concorrente,motor,80,/api/gene/MSH2,403.95,200,2,0.5371
local,concorrente,motor,80,/api/variant/rs334,194.46,200,2,0.5371
local,concorrente,motor,80,/api/variant/rs1800562,275.74,200,2,0.5371
local,concorrente,motor,80,/api/variant/rs6025,193.8,200,2,0.5371
local,concorrente,motor,80,/api/disease/anemia-falciforme,303.25,200,2,0.5371
local,concorrente,motor,80,/api/disease/talassemia-beta,389.76,200,2,0.5371
local,concorrente,motor,80,/api/panel/cancer-mama-ovario-hereditario,207.38,200,2,0.5371
local,concorrente,motor,80,/api/panel/cancer-colorretal-hereditario,412.62,200,2,0.5371
local,concorrente,motor,80,/api/gene/MLH1,221.76,200,2,0.5371
local,concorrente,motor,80,/api/gene/HBB,431.37,200,2,0.5371
local,concorrente,motor,80,/api/gene/MSH2,246.25,200,2,0.5371
local,concorrente,motor,80,/api/variant/rs334,226.38,200,2,0.5371
local,concorrente,motor,80,/api/variant/rs1800562,412.53,200,2,0.5371
local,concorrente,motor,80,/api/variant/rs6025,268.63,200,2,0.5371
local,concorrente,motor,80,/api/disease/anemia-falciforme,261.63,200,2,0.5371
local,concorrente,motor,80,/api/disease/talassemia-beta,281.0,200,2,0.5371
local,concorrente,motor,80,/api/panel/cancer-mama-ovario-hereditario,237.01,200,2,0.5371
local,concorrente,motor,80,/api/panel/cancer-colorretal-hereditario,302.13,200,2,0.5371
local,concorrente,motor,80,/api/gene/MLH1,253.96,200,2,0.5371
local,concorrente,motor,80,/api/gene/HBB,426.78,200,2,0.5371
local,concorrente,motor,80,/api/gene/MSH2,335.29,200,2,0.5371
local,concorrente,motor,80,/api/variant/rs334,382.05,200,2,0.5371
local,concorrente,motor,80,/api/variant/rs1800562,277.81,200,2,0.5371
local,concorrente,motor,80,/api/variant/rs6025,394.2,200,2,0.5371
local,concorrente,motor,80,/api/disease/anemia-falciforme,286.9,200,2,0.5371
local,concorrente,motor,80,/api/disease/talassemia-beta,290.42,200,2,0.5371
local,concorrente,motor,80,/api/panel/cancer-mama-ovario-hereditario,314.9,200,2,0.5371
local,concorrente,motor,80,/api/panel/cancer-colorretal-hereditario,280.48,200,2,0.5371
local,concorrente,motor,80,/api/gene/MLH1,408.47,200,2,0.5371
local,concorrente,motor,80,/api/gene/HBB,385.88,200,2,0.5371
local,concorrente,motor,80,/api/gene/MSH2,335.88,200,2,0.5371
local,concorrente,motor,80,/api/variant/rs334,330.97,200,2,0.5371
local,concorrente,motor,80,/api/variant/rs1800562,407.19,200,2,0.5371
local,concorrente,motor,80,/api/variant/rs6025,301.28,200,2,0.5371
local,concorrente,motor,80,/api/disease/anemia-falciforme,392.93,200,2,0.5371
local,concorrente,motor,80,/api/disease/talassemia-beta,332.13,200,2,0.5371
local,concorrente,motor,80,/api/panel/cancer-mama-ovario-hereditario,313.81,200,2,0.5371
local,concorrente,motor,80,/api/panel/cancer-colorretal-hereditario,325.4,200,2,0.5371
local,concorrente,motor,160,/api/gene/MLH1,98.29,200,0,0.61
local,concorrente,motor,160,/api/gene/HBB,102.62,200,0,0.61
local,concorrente,motor,160,/api/gene/MSH2,503.86,200,0,0.61
local,concorrente,motor,160,/api/variant/rs334,109.38,200,0,0.61
local,concorrente,motor,160,/api/variant/rs1800562,98.57,200,0,0.61
local,concorrente,motor,160,/api/variant/rs6025,119.16,200,0,0.61
local,concorrente,motor,160,/api/disease/anemia-falciforme,582.42,200,0,0.61
local,concorrente,motor,160,/api/disease/talassemia-beta,102.93,200,0,0.61
local,concorrente,motor,160,/api/panel/cancer-mama-ovario-hereditario,513.6,200,0,0.61
local,concorrente,motor,160,/api/panel/cancer-colorretal-hereditario,136.55,200,0,0.61
local,concorrente,motor,160,/api/gene/MLH1,112.11,200,0,0.61
local,concorrente,motor,160,/api/gene/HBB,117.26,200,0,0.61
local,concorrente,motor,160,/api/gene/MSH2,117.1,200,0,0.61
local,concorrente,motor,160,/api/variant/rs334,126.84,200,0,0.61
local,concorrente,motor,160,/api/variant/rs1800562,145.14,200,0,0.61
local,concorrente,motor,160,/api/variant/rs6025,520.37,200,0,0.61
local,concorrente,motor,160,/api/disease/anemia-falciforme,523.69,200,0,0.61
local,concorrente,motor,160,/api/disease/talassemia-beta,117.88,200,0,0.61
local,concorrente,motor,160,/api/panel/cancer-mama-ovario-hereditario,133.91,200,0,0.61
local,concorrente,motor,160,/api/panel/cancer-colorretal-hereditario,121.99,200,0,0.61
local,concorrente,motor,160,/api/gene/MLH1,516.66,200,0,0.61
local,concorrente,motor,160,/api/gene/HBB,134.12,200,0,0.61
local,concorrente,motor,160,/api/gene/MSH2,134.22,200,0,0.61
local,concorrente,motor,160,/api/variant/rs334,137.12,200,0,0.61
local,concorrente,motor,160,/api/variant/rs1800562,202.85,200,0,0.61
local,concorrente,motor,160,/api/variant/rs6025,157.42,200,0,0.61
local,concorrente,motor,160,/api/disease/anemia-falciforme,137.01,200,0,0.61
local,concorrente,motor,160,/api/disease/talassemia-beta,515.01,200,0,0.61
local,concorrente,motor,160,/api/panel/cancer-mama-ovario-hereditario,151.66,200,0,0.61
local,concorrente,motor,160,/api/panel/cancer-colorretal-hereditario,167.82,200,0,0.61
local,concorrente,motor,160,/api/gene/MLH1,146.51,200,0,0.61
local,concorrente,motor,160,/api/gene/HBB,152.05,200,0,0.61
local,concorrente,motor,160,/api/gene/MSH2,154.12,200,0,0.61
local,concorrente,motor,160,/api/variant/rs334,166.36,200,0,0.61
local,concorrente,motor,160,/api/variant/rs1800562,157.35,200,0,0.61
local,concorrente,motor,160,/api/variant/rs6025,495.19,200,0,0.61
local,concorrente,motor,160,/api/disease/anemia-falciforme,194.14,200,0,0.61
local,concorrente,motor,160,/api/disease/talassemia-beta,154.19,200,0,0.61
local,concorrente,motor,160,/api/panel/cancer-mama-ovario-hereditario,569.39,200,0,0.61
local,concorrente,motor,160,/api/panel/cancer-colorretal-hereditario,158.88,200,0,0.61
local,concorrente,motor,160,/api/gene/MLH1,179.13,200,0,0.61
local,concorrente,motor,160,/api/gene/HBB,176.27,200,0,0.61
local,concorrente,motor,160,/api/gene/MSH2,172.23,200,0,0.61
local,concorrente,motor,160,/api/variant/rs334,169.28,200,0,0.61
local,concorrente,motor,160,/api/variant/rs1800562,181.77,200,0,0.61
local,concorrente,motor,160,/api/variant/rs6025,178.33,200,0,0.61
local,concorrente,motor,160,/api/disease/anemia-falciforme,199.34,200,0,0.61
local,concorrente,motor,160,/api/disease/talassemia-beta,371.85,200,0,0.61
local,concorrente,motor,160,/api/panel/cancer-mama-ovario-hereditario,178.0,200,0,0.61
local,concorrente,motor,160,/api/panel/cancer-colorretal-hereditario,211.21,200,0,0.61
local,concorrente,motor,160,/api/gene/MLH1,248.38,200,0,0.61
local,concorrente,motor,160,/api/gene/HBB,228.0,200,0,0.61
local,concorrente,motor,160,/api/gene/MSH2,556.81,200,0,0.61
local,concorrente,motor,160,/api/variant/rs334,182.89,200,0,0.61
local,concorrente,motor,160,/api/variant/rs1800562,534.94,200,0,0.61
local,concorrente,motor,160,/api/variant/rs6025,223.16,200,0,0.61
local,concorrente,motor,160,/api/disease/anemia-falciforme,197.14,200,0,0.61
local,concorrente,motor,160,/api/disease/talassemia-beta,190.54,200,0,0.61
local,concorrente,motor,160,/api/panel/cancer-mama-ovario-hereditario,204.26,200,0,0.61
local,concorrente,motor,160,/api/panel/cancer-colorretal-hereditario,514.7,200,0,0.61
local,concorrente,motor,160,/api/gene/MLH1,237.23,200,0,0.61
local,concorrente,motor,160,/api/gene/HBB,202.37,200,0,0.61
local,concorrente,motor,160,/api/gene/MSH2,572.51,200,0,0.61
local,concorrente,motor,160,/api/variant/rs334,251.78,200,0,0.61
local,concorrente,motor,160,/api/variant/rs1800562,518.4,200,0,0.61
local,concorrente,motor,160,/api/variant/rs6025,234.97,200,0,0.61
local,concorrente,motor,160,/api/disease/anemia-falciforme,205.33,200,0,0.61
local,concorrente,motor,160,/api/disease/talassemia-beta,222.06,200,0,0.61
local,concorrente,motor,160,/api/panel/cancer-mama-ovario-hereditario,496.82,200,0,0.61
local,concorrente,motor,160,/api/panel/cancer-colorretal-hereditario,257.1,200,0,0.61
local,concorrente,motor,160,/api/gene/MLH1,225.23,200,0,0.61
local,concorrente,motor,160,/api/gene/HBB,225.06,200,0,0.61
local,concorrente,motor,160,/api/gene/MSH2,562.01,200,0,0.61
local,concorrente,motor,160,/api/variant/rs334,242.18,200,0,0.61
local,concorrente,motor,160,/api/variant/rs1800562,265.88,200,0,0.61
local,concorrente,motor,160,/api/variant/rs6025,312.49,200,0,0.61
local,concorrente,motor,160,/api/disease/anemia-falciforme,235.46,200,0,0.61
local,concorrente,motor,160,/api/disease/talassemia-beta,279.28,200,0,0.61
local,concorrente,motor,160,/api/panel/cancer-mama-ovario-hereditario,272.02,200,0,0.61
local,concorrente,motor,160,/api/panel/cancer-colorretal-hereditario,247.54,200,0,0.61
local,concorrente,motor,160,/api/gene/MLH1,244.17,200,0,0.61
local,concorrente,motor,160,/api/gene/HBB,566.82,200,0,0.61
local,concorrente,motor,160,/api/gene/MSH2,268.23,200,0,0.61
local,concorrente,motor,160,/api/variant/rs334,241.43,200,0,0.61
local,concorrente,motor,160,/api/variant/rs1800562,427.37,200,0,0.61
local,concorrente,motor,160,/api/variant/rs6025,559.13,200,0,0.61
local,concorrente,motor,160,/api/disease/anemia-falciforme,267.63,200,0,0.61
local,concorrente,motor,160,/api/disease/talassemia-beta,272.06,200,0,0.61
local,concorrente,motor,160,/api/panel/cancer-mama-ovario-hereditario,254.45,200,0,0.61
local,concorrente,motor,160,/api/panel/cancer-colorretal-hereditario,290.57,200,0,0.61
local,concorrente,motor,160,/api/gene/MLH1,270.14,200,0,0.61
local,concorrente,motor,160,/api/gene/HBB,328.76,200,0,0.61
local,concorrente,motor,160,/api/gene/MSH2,289.82,200,0,0.61
local,concorrente,motor,160,/api/variant/rs334,299.17,200,0,0.61
local,concorrente,motor,160,/api/variant/rs1800562,273.54,200,0,0.61
local,concorrente,motor,160,/api/variant/rs6025,307.51,200,0,0.61
local,concorrente,motor,160,/api/disease/anemia-falciforme,495.37,200,0,0.61
local,concorrente,motor,160,/api/disease/talassemia-beta,273.03,200,0,0.61
local,concorrente,motor,160,/api/panel/cancer-mama-ovario-hereditario,289.42,200,0,0.61
local,concorrente,motor,160,/api/panel/cancer-colorretal-hereditario,275.35,200,0,0.61
local,concorrente,motor,160,/api/gene/MLH1,360.11,200,0,0.61
local,concorrente,motor,160,/api/gene/HBB,296.33,200,0,0.61
local,concorrente,motor,160,/api/gene/MSH2,347.99,200,0,0.61
local,concorrente,motor,160,/api/variant/rs334,518.99,200,0,0.61
local,concorrente,motor,160,/api/variant/rs1800562,285.88,200,0,0.61
local,concorrente,motor,160,/api/variant/rs6025,369.12,200,0,0.61
local,concorrente,motor,160,/api/disease/anemia-falciforme,393.37,200,0,0.61
local,concorrente,motor,160,/api/disease/talassemia-beta,500.24,200,0,0.61
local,concorrente,motor,160,/api/panel/cancer-mama-ovario-hereditario,303.47,200,0,0.61
local,concorrente,motor,160,/api/panel/cancer-colorretal-hereditario,343.29,200,0,0.61
local,concorrente,motor,160,/api/gene/MLH1,336.38,200,0,0.61
local,concorrente,motor,160,/api/gene/HBB,387.32,200,0,0.61
local,concorrente,motor,160,/api/gene/MSH2,537.5,200,0,0.61
local,concorrente,motor,160,/api/variant/rs334,309.61,200,0,0.61
local,concorrente,motor,160,/api/variant/rs1800562,311.69,200,0,0.61
local,concorrente,motor,160,/api/variant/rs6025,519.64,200,0,0.61
local,concorrente,motor,160,/api/disease/anemia-falciforme,336.43,200,0,0.61
local,concorrente,motor,160,/api/disease/talassemia-beta,366.43,200,0,0.61
local,concorrente,motor,160,/api/panel/cancer-mama-ovario-hereditario,521.99,200,0,0.61
local,concorrente,motor,160,/api/panel/cancer-colorretal-hereditario,334.21,200,0,0.61
local,concorrente,motor,160,/api/gene/MLH1,359.42,200,0,0.61
local,concorrente,motor,160,/api/gene/HBB,338.46,200,0,0.61
local,concorrente,motor,160,/api/gene/MSH2,357.98,200,0,0.61
local,concorrente,motor,160,/api/variant/rs334,501.61,200,0,0.61
local,concorrente,motor,160,/api/variant/rs1800562,500.64,200,0,0.61
local,concorrente,motor,160,/api/variant/rs6025,471.19,200,0,0.61
local,concorrente,motor,160,/api/disease/anemia-falciforme,387.19,200,0,0.61
local,concorrente,motor,160,/api/disease/talassemia-beta,538.83,200,0,0.61
local,concorrente,motor,160,/api/panel/cancer-mama-ovario-hereditario,343.74,200,0,0.61
local,concorrente,motor,160,/api/panel/cancer-colorretal-hereditario,370.14,200,0,0.61
local,concorrente,motor,160,/api/gene/MLH1,461.04,200,0,0.61
local,concorrente,motor,160,/api/gene/HBB,372.73,200,0,0.61
local,concorrente,motor,160,/api/gene/MSH2,404.57,200,0,0.61
local,concorrente,motor,160,/api/variant/rs334,372.58,200,0,0.61
local,concorrente,motor,160,/api/variant/rs1800562,358.02,200,0,0.61
local,concorrente,motor,160,/api/variant/rs6025,498.43,200,0,0.61
local,concorrente,motor,160,/api/disease/anemia-falciforme,420.33,200,0,0.61
local,concorrente,motor,160,/api/disease/talassemia-beta,389.07,200,0,0.61
local,concorrente,motor,160,/api/panel/cancer-mama-ovario-hereditario,528.64,200,0,0.61
local,concorrente,motor,160,/api/panel/cancer-colorretal-hereditario,370.87,200,0,0.61
local,concorrente,motor,160,/api/gene/MLH1,409.62,200,0,0.61
local,concorrente,motor,160,/api/gene/HBB,389.24,200,0,0.61
local,concorrente,motor,160,/api/gene/MSH2,419.02,200,0,0.61
local,concorrente,motor,160,/api/variant/rs334,386.22,200,0,0.61
local,concorrente,motor,160,/api/variant/rs1800562,393.56,200,0,0.61
local,concorrente,motor,160,/api/variant/rs6025,409.16,200,0,0.61
local,concorrente,motor,160,/api/disease/anemia-falciforme,423.82,200,0,0.61
local,concorrente,motor,160,/api/disease/talassemia-beta,522.22,200,0,0.61
local,concorrente,motor,160,/api/panel/cancer-mama-ovario-hereditario,408.38,200,0,0.61
local,concorrente,motor,160,/api/panel/cancer-colorretal-hereditario,476.52,200,0,0.61
local,concorrente,motor,160,/api/gene/MLH1,476.66,200,0,0.61
local,concorrente,motor,160,/api/gene/HBB,492.02,200,0,0.61
local,concorrente,motor,160,/api/gene/MSH2,485.47,200,0,0.61
local,concorrente,motor,160,/api/variant/rs334,398.66,200,0,0.61
local,concorrente,motor,160,/api/variant/rs1800562,402.74,200,0,0.61
local,concorrente,motor,160,/api/variant/rs6025,423.33,200,0,0.61
local,concorrente,motor,160,/api/disease/anemia-falciforme,500.24,200,0,0.61
local,concorrente,motor,160,/api/disease/talassemia-beta,414.19,200,0,0.61
local,concorrente,motor,160,/api/panel/cancer-mama-ovario-hereditario,461.17,200,0,0.61
local,concorrente,motor,160,/api/panel/cancer-colorretal-hereditario,423.13,200,0,0.61
local,concorrente,motor,160,/api/gene/MLH1,97.76,200,1,0.6032
local,concorrente,motor,160,/api/gene/HBB,102.25,200,1,0.6032
local,concorrente,motor,160,/api/gene/MSH2,515.04,200,1,0.6032
local,concorrente,motor,160,/api/variant/rs334,108.73,200,1,0.6032
local,concorrente,motor,160,/api/variant/rs1800562,98.05,200,1,0.6032
local,concorrente,motor,160,/api/variant/rs6025,118.7,200,1,0.6032
local,concorrente,motor,160,/api/disease/anemia-falciforme,489.94,200,1,0.6032
local,concorrente,motor,160,/api/disease/talassemia-beta,102.59,200,1,0.6032
local,concorrente,motor,160,/api/panel/cancer-mama-ovario-hereditario,485.65,200,1,0.6032
local,concorrente,motor,160,/api/panel/cancer-colorretal-hereditario,135.88,200,1,0.6032
local,concorrente,motor,160,/api/gene/MLH1,111.43,200,1,0.6032
local,concorrente,motor,160,/api/gene/HBB,116.72,200,1,0.6032
local,concorrente,motor,160,/api/gene/MSH2,116.61,200,1,0.6032
local,concorrente,motor,160,/api/variant/rs334,126.04,200,1,0.6032
local,concorrente,motor,160,/api/variant/rs1800562,144.86,200,1,0.6032
local,concorrente,motor,160,/api/variant/rs6025,493.87,200,1,0.6032
local,concorrente,motor,160,/api/disease/anemia-falciforme,505.97,200,1,0.6032
local,concorrente,motor,160,/api/disease/talassemia-beta,117.08,200,1,0.6032
local,concorrente,motor,160,/api/panel/cancer-mama-ovario-hereditario,132.91,200,1,0.6032
local,concorrente,motor,160,/api/panel/cancer-colorretal-hereditario,121.22,200,1,0.6032
local,concorrente,motor,160,/api/gene/MLH1,567.87,200,1,0.6032
local,concorrente,motor,160,/api/gene/HBB,133.31,200,1,0.6032
local,concorrente,motor,160,/api/gene/MSH2,133.47,200,1,0.6032
local,concorrente,motor,160,/api/variant/rs334,137.09,200,1,0.6032
local,concorrente,motor,160,/api/variant/rs1800562,218.36,200,1,0.6032
local,concorrente,motor,160,/api/variant/rs6025,155.91,200,1,0.6032
local,concorrente,motor,160,/api/disease/anemia-falciforme,136.66,200,1,0.6032
local,concorrente,motor,160,/api/disease/talassemia-beta,182.17,200,1,0.6032
local,concorrente,motor,160,/api/panel/cancer-mama-ovario-hereditario,151.28,200,1,0.6032
local,concorrente,motor,160,/api/panel/cancer-colorretal-hereditario,194.93,200,1,0.6032
local,concorrente,motor,160,/api/gene/MLH1,147.47,200,1,0.6032
local,concorrente,motor,160,/api/gene/HBB,151.51,200,1,0.6032
local,concorrente,motor,160,/api/gene/MSH2,152.81,200,1,0.6032
local,concorrente,motor,160,/api/variant/rs334,166.02,200,1,0.6032
local,concorrente,motor,160,/api/variant/rs1800562,157.35,200,1,0.6032
local,concorrente,motor,160,/api/variant/rs6025,159.06,200,1,0.6032
local,concorrente,motor,160,/api/disease/anemia-falciforme,198.1,200,1,0.6032
local,concorrente,motor,160,/api/disease/talassemia-beta,154.69,200,1,0.6032
local,concorrente,motor,160,/api/panel/cancer-mama-ovario-hereditario,538.16,200,1,0.6032
local,concorrente,motor,160,/api/panel/cancer-colorretal-hereditario,167.32,200,1,0.6032
local,concorrente,motor,160,/api/gene/MLH1,165.99,200,1,0.6032
local,concorrente,motor,160,/api/gene/HBB,521.79,200,1,0.6032
local,concorrente,motor,160,/api/gene/MSH2,168.46,200,1,0.6032
local,concorrente,motor,160,/api/variant/rs334,163.76,200,1,0.6032
local,concorrente,motor,160,/api/variant/rs1800562,184.39,200,1,0.6032
local,concorrente,motor,160,/api/variant/rs6025,174.61,200,1,0.6032
local,concorrente,motor,160,/api/disease/anemia-falciforme,246.32,200,1,0.6032
local,concorrente,motor,160,/api/disease/talassemia-beta,515.83,200,1,0.6032
local,concorrente,motor,160,/api/panel/cancer-mama-ovario-hereditario,173.79,200,1,0.6032
local,concorrente,motor,160,/api/panel/cancer-colorretal-hereditario,195.05,200,1,0.6032
local,concorrente,motor,160,/api/gene/MLH1,180.85,200,1,0.6032
local,concorrente,motor,160,/api/gene/HBB,199.97,200,1,0.6032
local,concorrente,motor,160,/api/gene/MSH2,237.2,200,1,0.6032
local,concorrente,motor,160,/api/variant/rs334,486.3,200,1,0.6032
local,concorrente,motor,160,/api/variant/rs1800562,497.09,200,1,0.6032
local,concorrente,motor,160,/api/variant/rs6025,194.43,200,1,0.6032
local,concorrente,motor,160,/api/disease/anemia-falciforme,212.57,200,1,0.6032
local,concorrente,motor,160,/api/disease/talassemia-beta,197.26,200,1,0.6032
local,concorrente,motor,160,/api/panel/cancer-mama-ovario-hereditario,245.55,200,1,0.6032
local,concorrente,motor,160,/api/panel/cancer-colorretal-hereditario,192.79,200,1,0.6032
local,concorrente,motor,160,/api/gene/MLH1,485.7,200,1,0.6032
local,concorrente,motor,160,/api/gene/HBB,209.71,200,1,0.6032
local,concorrente,motor,160,/api/gene/MSH2,568.06,200,1,0.6032
local,concorrente,motor,160,/api/variant/rs334,215.61,200,1,0.6032
local,concorrente,motor,160,/api/variant/rs1800562,201.16,200,1,0.6032
local,concorrente,motor,160,/api/variant/rs6025,202.71,200,1,0.6032
local,concorrente,motor,160,/api/disease/anemia-falciforme,217.23,200,1,0.6032
local,concorrente,motor,160,/api/disease/talassemia-beta,210.17,200,1,0.6032
local,concorrente,motor,160,/api/panel/cancer-mama-ovario-hereditario,262.01,200,1,0.6032
local,concorrente,motor,160,/api/panel/cancer-colorretal-hereditario,394.54,200,1,0.6032
local,concorrente,motor,160,/api/gene/MLH1,555.83,200,1,0.6032
local,concorrente,motor,160,/api/gene/HBB,545.78,200,1,0.6032
local,concorrente,motor,160,/api/gene/MSH2,221.77,200,1,0.6032
local,concorrente,motor,160,/api/variant/rs334,246.18,200,1,0.6032
local,concorrente,motor,160,/api/variant/rs1800562,220.36,200,1,0.6032
local,concorrente,motor,160,/api/variant/rs6025,232.38,200,1,0.6032
local,concorrente,motor,160,/api/disease/anemia-falciforme,525.16,200,1,0.6032
local,concorrente,motor,160,/api/disease/talassemia-beta,224.28,200,1,0.6032
local,concorrente,motor,160,/api/panel/cancer-mama-ovario-hereditario,239.82,200,1,0.6032
local,concorrente,motor,160,/api/panel/cancer-colorretal-hereditario,293.92,200,1,0.6032
local,concorrente,motor,160,/api/gene/MLH1,250.28,200,1,0.6032
local,concorrente,motor,160,/api/gene/HBB,264.34,200,1,0.6032
local,concorrente,motor,160,/api/gene/MSH2,284.83,200,1,0.6032
local,concorrente,motor,160,/api/variant/rs334,236.74,200,1,0.6032
local,concorrente,motor,160,/api/variant/rs1800562,248.72,200,1,0.6032
local,concorrente,motor,160,/api/variant/rs6025,381.01,200,1,0.6032
local,concorrente,motor,160,/api/disease/anemia-falciforme,244.53,200,1,0.6032
local,concorrente,motor,160,/api/disease/talassemia-beta,496.02,200,1,0.6032
local,concorrente,motor,160,/api/panel/cancer-mama-ovario-hereditario,269.53,200,1,0.6032
local,concorrente,motor,160,/api/panel/cancer-colorretal-hereditario,248.96,200,1,0.6032
local,concorrente,motor,160,/api/gene/MLH1,489.8,200,1,0.6032
local,concorrente,motor,160,/api/gene/HBB,274.96,200,1,0.6032
local,concorrente,motor,160,/api/gene/MSH2,260.17,200,1,0.6032
local,concorrente,motor,160,/api/variant/rs334,280.05,200,1,0.6032
local,concorrente,motor,160,/api/variant/rs1800562,258.28,200,1,0.6032
local,concorrente,motor,160,/api/variant/rs6025,353.83,200,1,0.6032
local,concorrente,motor,160,/api/disease/anemia-falciforme,318.9,200,1,0.6032
local,concorrente,motor,160,/api/disease/talassemia-beta,293.7,200,1,0.6032
local,concorrente,motor,160,/api/panel/cancer-mama-ovario-hereditario,278.56,200,1,0.6032
local,concorrente,motor,160,/api/panel/cancer-colorretal-hereditario,269.83,200,1,0.6032
local,concorrente,motor,160,/api/gene/MLH1,507.21,200,1,0.6032
local,concorrente,motor,160,/api/gene/HBB,307.24,200,1,0.6032
local,concorrente,motor,160,/api/gene/MSH2,295.35,200,1,0.6032
local,concorrente,motor,160,/api/variant/rs334,284.35,200,1,0.6032
local,concorrente,motor,160,/api/variant/rs1800562,324.02,200,1,0.6032
local,concorrente,motor,160,/api/variant/rs6025,299.46,200,1,0.6032
local,concorrente,motor,160,/api/disease/anemia-falciforme,532.8,200,1,0.6032
local,concorrente,motor,160,/api/disease/talassemia-beta,318.57,200,1,0.6032
local,concorrente,motor,160,/api/panel/cancer-mama-ovario-hereditario,305.05,200,1,0.6032
local,concorrente,motor,160,/api/panel/cancer-colorretal-hereditario,288.82,200,1,0.6032
local,concorrente,motor,160,/api/gene/MLH1,400.46,200,1,0.6032
local,concorrente,motor,160,/api/gene/HBB,309.03,200,1,0.6032
local,concorrente,motor,160,/api/gene/MSH2,526.75,200,1,0.6032
local,concorrente,motor,160,/api/variant/rs334,357.76,200,1,0.6032
local,concorrente,motor,160,/api/variant/rs1800562,298.39,200,1,0.6032
local,concorrente,motor,160,/api/variant/rs6025,324.15,200,1,0.6032
local,concorrente,motor,160,/api/disease/anemia-falciforme,513.92,200,1,0.6032
local,concorrente,motor,160,/api/disease/talassemia-beta,310.66,200,1,0.6032
local,concorrente,motor,160,/api/panel/cancer-mama-ovario-hereditario,494.19,200,1,0.6032
local,concorrente,motor,160,/api/panel/cancer-colorretal-hereditario,342.2,200,1,0.6032
local,concorrente,motor,160,/api/gene/MLH1,315.24,200,1,0.6032
local,concorrente,motor,160,/api/gene/HBB,331.3,200,1,0.6032
local,concorrente,motor,160,/api/gene/MSH2,349.52,200,1,0.6032
local,concorrente,motor,160,/api/variant/rs334,340.57,200,1,0.6032
local,concorrente,motor,160,/api/variant/rs1800562,320.8,200,1,0.6032
local,concorrente,motor,160,/api/variant/rs6025,388.66,200,1,0.6032
local,concorrente,motor,160,/api/disease/anemia-falciforme,347.03,200,1,0.6032
local,concorrente,motor,160,/api/disease/talassemia-beta,325.09,200,1,0.6032
local,concorrente,motor,160,/api/panel/cancer-mama-ovario-hereditario,527.34,200,1,0.6032
local,concorrente,motor,160,/api/panel/cancer-colorretal-hereditario,331.93,200,1,0.6032
local,concorrente,motor,160,/api/gene/MLH1,390.67,200,1,0.6032
local,concorrente,motor,160,/api/gene/HBB,518.99,200,1,0.6032
local,concorrente,motor,160,/api/gene/MSH2,403.89,200,1,0.6032
local,concorrente,motor,160,/api/variant/rs334,350.61,200,1,0.6032
local,concorrente,motor,160,/api/variant/rs1800562,345.84,200,1,0.6032
local,concorrente,motor,160,/api/variant/rs6025,509.51,200,1,0.6032
local,concorrente,motor,160,/api/disease/anemia-falciforme,413.4,200,1,0.6032
local,concorrente,motor,160,/api/disease/talassemia-beta,471.65,200,1,0.6032
local,concorrente,motor,160,/api/panel/cancer-mama-ovario-hereditario,403.68,200,1,0.6032
local,concorrente,motor,160,/api/panel/cancer-colorretal-hereditario,377.81,200,1,0.6032
local,concorrente,motor,160,/api/gene/MLH1,381.38,200,1,0.6032
local,concorrente,motor,160,/api/gene/HBB,406.64,200,1,0.6032
local,concorrente,motor,160,/api/gene/MSH2,526.4,200,1,0.6032
local,concorrente,motor,160,/api/variant/rs334,395.86,200,1,0.6032
local,concorrente,motor,160,/api/variant/rs1800562,381.77,200,1,0.6032
local,concorrente,motor,160,/api/variant/rs6025,376.68,200,1,0.6032
local,concorrente,motor,160,/api/disease/anemia-falciforme,425.27,200,1,0.6032
local,concorrente,motor,160,/api/disease/talassemia-beta,399.32,200,1,0.6032
local,concorrente,motor,160,/api/panel/cancer-mama-ovario-hereditario,375.45,200,1,0.6032
local,concorrente,motor,160,/api/panel/cancer-colorretal-hereditario,443.1,200,1,0.6032
local,concorrente,motor,160,/api/gene/MLH1,478.44,200,1,0.6032
local,concorrente,motor,160,/api/gene/HBB,486.39,200,1,0.6032
local,concorrente,motor,160,/api/gene/MSH2,499.99,200,1,0.6032
local,concorrente,motor,160,/api/variant/rs334,381.75,200,1,0.6032
local,concorrente,motor,160,/api/variant/rs1800562,514.38,200,1,0.6032
local,concorrente,motor,160,/api/variant/rs6025,463.42,200,1,0.6032
local,concorrente,motor,160,/api/disease/anemia-falciforme,416.86,200,1,0.6032
local,concorrente,motor,160,/api/disease/talassemia-beta,409.39,200,1,0.6032
local,concorrente,motor,160,/api/panel/cancer-mama-ovario-hereditario,447.31,200,1,0.6032
local,concorrente,motor,160,/api/panel/cancer-colorretal-hereditario,396.18,200,1,0.6032
local,concorrente,motor,160,/api/gene/MLH1,97.69,200,2,0.6118
local,concorrente,motor,160,/api/gene/HBB,99.95,200,2,0.6118
local,concorrente,motor,160,/api/gene/MSH2,526.51,200,2,0.6118
local,concorrente,motor,160,/api/variant/rs334,110.07,200,2,0.6118
local,concorrente,motor,160,/api/variant/rs1800562,98.71,200,2,0.6118
local,concorrente,motor,160,/api/variant/rs6025,518.25,200,2,0.6118
local,concorrente,motor,160,/api/disease/anemia-falciforme,526.83,200,2,0.6118
local,concorrente,motor,160,/api/disease/talassemia-beta,102.67,200,2,0.6118
local,concorrente,motor,160,/api/panel/cancer-mama-ovario-hereditario,130.57,200,2,0.6118
local,concorrente,motor,160,/api/panel/cancer-colorretal-hereditario,121.48,200,2,0.6118
local,concorrente,motor,160,/api/gene/MLH1,112.19,200,2,0.6118
local,concorrente,motor,160,/api/gene/HBB,113.96,200,2,0.6118
local,concorrente,motor,160,/api/gene/MSH2,547.3,200,2,0.6118
local,concorrente,motor,160,/api/variant/rs334,131.83,200,2,0.6118
local,concorrente,motor,160,/api/variant/rs1800562,112.68,200,2,0.6118
local,concorrente,motor,160,/api/variant/rs6025,170.26,200,2,0.6118
local,concorrente,motor,160,/api/disease/anemia-falciforme,569.77,200,2,0.6118
local,concorrente,motor,160,/api/disease/talassemia-beta,149.39,200,2,0.6118
local,concorrente,motor,160,/api/panel/cancer-mama-ovario-hereditario,175.18,200,2,0.6118
local,concorrente,motor,160,/api/panel/cancer-colorretal-hereditario,120.63,200,2,0.6118
local,concorrente,motor,160,/api/gene/MLH1,129.04,200,2,0.6118
local,concorrente,motor,160,/api/gene/HBB,131.85,200,2,0.6118
local,concorrente,motor,160,/api/gene/MSH2,142.09,200,2,0.6118
local,concorrente,motor,160,/api/variant/rs334,197.0,200,2,0.6118
local,concorrente,motor,160,/api/variant/rs1800562,129.44,200,2,0.6118
local,concorrente,motor,160,/api/variant/rs6025,496.44,200,2,0.6118
local,concorrente,motor,160,/api/disease/anemia-falciforme,578.4,200,2,0.6118
local,concorrente,motor,160,/api/disease/talassemia-beta,152.04,200,2,0.6118
local,concorrente,motor,160,/api/panel/cancer-mama-ovario-hereditario,196.46,200,2,0.6118
local,concorrente,motor,160,/api/panel/cancer-colorretal-hereditario,139.22,200,2,0.6118
local,concorrente,motor,160,/api/gene/MLH1,148.65,200,2,0.6118
local,concorrente,motor,160,/api/gene/HBB,147.78,200,2,0.6118
local,concorrente,motor,160,/api/gene/MSH2,186.89,200,2,0.6118
local,concorrente,motor,160,/api/variant/rs334,169.51,200,2,0.6118
local,concorrente,motor,160,/api/variant/rs1800562,164.97,200,2,0.6118
local,concorrente,motor,160,/api/variant/rs6025,176.05,200,2,0.6118
local,concorrente,motor,160,/api/disease/anemia-falciforme,150.73,200,2,0.6118
local,concorrente,motor,160,/api/disease/talassemia-beta,587.33,200,2,0.6118
local,concorrente,motor,160,/api/panel/cancer-mama-ovario-hereditario,153.49,200,2,0.6118
local,concorrente,motor,160,/api/panel/cancer-colorretal-hereditario,579.36,200,2,0.6118
local,concorrente,motor,160,/api/gene/MLH1,589.12,200,2,0.6118
local,concorrente,motor,160,/api/gene/HBB,171.49,200,2,0.6118
local,concorrente,motor,160,/api/gene/MSH2,218.88,200,2,0.6118
local,concorrente,motor,160,/api/variant/rs334,192.8,200,2,0.6118
local,concorrente,motor,160,/api/variant/rs1800562,164.43,200,2,0.6118
local,concorrente,motor,160,/api/variant/rs6025,199.49,200,2,0.6118
local,concorrente,motor,160,/api/disease/anemia-falciforme,299.23,200,2,0.6118
local,concorrente,motor,160,/api/disease/talassemia-beta,171.18,200,2,0.6118
local,concorrente,motor,160,/api/panel/cancer-mama-ovario-hereditario,562.32,200,2,0.6118
local,concorrente,motor,160,/api/panel/cancer-colorretal-hereditario,175.26,200,2,0.6118
local,concorrente,motor,160,/api/gene/MLH1,224.94,200,2,0.6118
local,concorrente,motor,160,/api/gene/HBB,184.97,200,2,0.6118
local,concorrente,motor,160,/api/gene/MSH2,577.94,200,2,0.6118
local,concorrente,motor,160,/api/variant/rs334,190.57,200,2,0.6118
local,concorrente,motor,160,/api/variant/rs1800562,583.11,200,2,0.6118
local,concorrente,motor,160,/api/variant/rs6025,374.43,200,2,0.6118
local,concorrente,motor,160,/api/disease/anemia-falciforme,186.55,200,2,0.6118
local,concorrente,motor,160,/api/disease/talassemia-beta,190.96,200,2,0.6118
local,concorrente,motor,160,/api/panel/cancer-mama-ovario-hereditario,242.74,200,2,0.6118
local,concorrente,motor,160,/api/panel/cancer-colorretal-hereditario,205.94,200,2,0.6118
local,concorrente,motor,160,/api/gene/MLH1,203.76,200,2,0.6118
local,concorrente,motor,160,/api/gene/HBB,204.07,200,2,0.6118
local,concorrente,motor,160,/api/gene/MSH2,529.05,200,2,0.6118
local,concorrente,motor,160,/api/variant/rs334,266.81,200,2,0.6118
local,concorrente,motor,160,/api/variant/rs1800562,214.85,200,2,0.6118
local,concorrente,motor,160,/api/variant/rs6025,208.76,200,2,0.6118
local,concorrente,motor,160,/api/disease/anemia-falciforme,228.19,200,2,0.6118
local,concorrente,motor,160,/api/disease/talassemia-beta,224.15,200,2,0.6118
local,concorrente,motor,160,/api/panel/cancer-mama-ovario-hereditario,279.07,200,2,0.6118
local,concorrente,motor,160,/api/panel/cancer-colorretal-hereditario,267.07,200,2,0.6118
local,concorrente,motor,160,/api/gene/MLH1,221.7,200,2,0.6118
local,concorrente,motor,160,/api/gene/HBB,224.42,200,2,0.6118
local,concorrente,motor,160,/api/gene/MSH2,235.28,200,2,0.6118
local,concorrente,motor,160,/api/variant/rs334,572.71,200,2,0.6118
local,concorrente,motor,160,/api/variant/rs1800562,344.52,200,2,0.6118
local,concorrente,motor,160,/api/variant/rs6025,238.4,200,2,0.6118
local,concorrente,motor,160,/api/disease/anemia-falciforme,244.53,200,2,0.6118
local,concorrente,motor,160,/api/disease/talassemia-beta,283.95,200,2,0.6118
local,concorrente,motor,160,/api/panel/cancer-mama-ovario-hereditario,291.57,200,2,0.6118
local,concorrente,motor,160,/api/panel/cancer-colorretal-hereditario,234.1,200,2,0.6118
local,concorrente,motor,160,/api/gene/MLH1,241.12,200,2,0.6118
local,concorrente,motor,160,/api/gene/HBB,259.62,200,2,0.6118
local,concorrente,motor,160,/api/gene/MSH2,310.45,200,2,0.6118
local,concorrente,motor,160,/api/variant/rs334,489.83,200,2,0.6118
local,concorrente,motor,160,/api/variant/rs1800562,372.45,200,2,0.6118
local,concorrente,motor,160,/api/variant/rs6025,243.54,200,2,0.6118
local,concorrente,motor,160,/api/disease/anemia-falciforme,295.13,200,2,0.6118
local,concorrente,motor,160,/api/disease/talassemia-beta,265.15,200,2,0.6118
local,concorrente,motor,160,/api/panel/cancer-mama-ovario-hereditario,262.76,200,2,0.6118
local,concorrente,motor,160,/api/panel/cancer-colorretal-hereditario,254.21,200,2,0.6118
local,concorrente,motor,160,/api/gene/MLH1,373.03,200,2,0.6118
local,concorrente,motor,160,/api/gene/HBB,273.82,200,2,0.6118
local,concorrente,motor,160,/api/gene/MSH2,515.75,200,2,0.6118
local,concorrente,motor,160,/api/variant/rs334,388.63,200,2,0.6118
local,concorrente,motor,160,/api/variant/rs1800562,349.97,200,2,0.6118
local,concorrente,motor,160,/api/variant/rs6025,506.99,200,2,0.6118
local,concorrente,motor,160,/api/disease/anemia-falciforme,266.14,200,2,0.6118
local,concorrente,motor,160,/api/disease/talassemia-beta,488.67,200,2,0.6118
local,concorrente,motor,160,/api/panel/cancer-mama-ovario-hereditario,310.71,200,2,0.6118
local,concorrente,motor,160,/api/panel/cancer-colorretal-hereditario,296.08,200,2,0.6118
local,concorrente,motor,160,/api/gene/MLH1,302.24,200,2,0.6118
local,concorrente,motor,160,/api/gene/HBB,330.65,200,2,0.6118
local,concorrente,motor,160,/api/gene/MSH2,287.55,200,2,0.6118
local,concorrente,motor,160,/api/variant/rs334,521.47,200,2,0.6118
local,concorrente,motor,160,/api/variant/rs1800562,285.81,200,2,0.6118
local,concorrente,motor,160,/api/variant/rs6025,513.11,200,2,0.6118
local,concorrente,motor,160,/api/disease/anemia-falciforme,300.11,200,2,0.6118
local,concorrente,motor,160,/api/disease/talassemia-beta,411.89,200,2,0.6118
local,concorrente,motor,160,/api/panel/cancer-mama-ovario-hereditario,313.89,200,2,0.6118
local,concorrente,motor,160,/api/panel/cancer-colorretal-hereditario,296.42,200,2,0.6118
local,concorrente,motor,160,/api/gene/MLH1,384.98,200,2,0.6118
local,concorrente,motor,160,/api/gene/HBB,307.12,200,2,0.6118
local,concorrente,motor,160,/api/gene/MSH2,316.19,200,2,0.6118
local,concorrente,motor,160,/api/variant/rs334,502.89,200,2,0.6118
local,concorrente,motor,160,/api/variant/rs1800562,318.26,200,2,0.6118
local,concorrente,motor,160,/api/variant/rs6025,501.07,200,2,0.6118
local,concorrente,motor,160,/api/disease/anemia-falciforme,310.3,200,2,0.6118
local,concorrente,motor,160,/api/disease/talassemia-beta,333.41,200,2,0.6118
local,concorrente,motor,160,/api/panel/cancer-mama-ovario-hereditario,329.71,200,2,0.6118
local,concorrente,motor,160,/api/panel/cancer-colorretal-hereditario,400.52,200,2,0.6118
local,concorrente,motor,160,/api/gene/MLH1,326.43,200,2,0.6118
local,concorrente,motor,160,/api/gene/HBB,544.68,200,2,0.6118
local,concorrente,motor,160,/api/gene/MSH2,379.29,200,2,0.6118
local,concorrente,motor,160,/api/variant/rs334,450.34,200,2,0.6118
local,concorrente,motor,160,/api/variant/rs1800562,433.32,200,2,0.6118
local,concorrente,motor,160,/api/variant/rs6025,329.8,200,2,0.6118
local,concorrente,motor,160,/api/disease/anemia-falciforme,537.1,200,2,0.6118
local,concorrente,motor,160,/api/disease/talassemia-beta,483.2,200,2,0.6118
local,concorrente,motor,160,/api/panel/cancer-mama-ovario-hereditario,385.62,200,2,0.6118
local,concorrente,motor,160,/api/panel/cancer-colorretal-hereditario,379.62,200,2,0.6118
local,concorrente,motor,160,/api/gene/MLH1,369.49,200,2,0.6118
local,concorrente,motor,160,/api/gene/HBB,421.18,200,2,0.6118
local,concorrente,motor,160,/api/gene/MSH2,403.98,200,2,0.6118
local,concorrente,motor,160,/api/variant/rs334,368.62,200,2,0.6118
local,concorrente,motor,160,/api/variant/rs1800562,368.37,200,2,0.6118
local,concorrente,motor,160,/api/variant/rs6025,511.36,200,2,0.6118
local,concorrente,motor,160,/api/disease/anemia-falciforme,518.79,200,2,0.6118
local,concorrente,motor,160,/api/disease/talassemia-beta,403.27,200,2,0.6118
local,concorrente,motor,160,/api/panel/cancer-mama-ovario-hereditario,371.45,200,2,0.6118
local,concorrente,motor,160,/api/panel/cancer-colorretal-hereditario,524.91,200,2,0.6118
local,concorrente,motor,160,/api/gene/MLH1,375.02,200,2,0.6118
local,concorrente,motor,160,/api/gene/HBB,432.02,200,2,0.6118
local,concorrente,motor,160,/api/gene/MSH2,396.18,200,2,0.6118
local,concorrente,motor,160,/api/variant/rs334,415.94,200,2,0.6118
local,concorrente,motor,160,/api/variant/rs1800562,518.61,200,2,0.6118
local,concorrente,motor,160,/api/variant/rs6025,450.67,200,2,0.6118
local,concorrente,motor,160,/api/disease/anemia-falciforme,395.81,200,2,0.6118
local,concorrente,motor,160,/api/disease/talassemia-beta,379.72,200,2,0.6118
local,concorrente,motor,160,/api/panel/cancer-mama-ovario-hereditario,413.7,200,2,0.6118
local,concorrente,motor,160,/api/panel/cancer-colorretal-hereditario,500.86,200,2,0.6118
local,concorrente,motor,160,/api/gene/MLH1,433.42,200,2,0.6118
local,concorrente,motor,160,/api/gene/HBB,477.21,200,2,0.6118
local,concorrente,motor,160,/api/gene/MSH2,500.93,200,2,0.6118
local,concorrente,motor,160,/api/variant/rs334,504.51,200,2,0.6118
local,concorrente,motor,160,/api/variant/rs1800562,394.12,200,2,0.6118
local,concorrente,motor,160,/api/variant/rs6025,437.87,200,2,0.6118
local,concorrente,motor,160,/api/disease/anemia-falciforme,410.0,200,2,0.6118
local,concorrente,motor,160,/api/disease/talassemia-beta,487.09,200,2,0.6118
local,concorrente,motor,160,/api/panel/cancer-mama-ovario-hereditario,424.44,200,2,0.6118
local,concorrente,motor,160,/api/panel/cancer-colorretal-hereditario,452.82,200,2,0.6118
local,concorrente,produto,1,/api/gene/MLH1,3.75,200,0,0.0039
local,concorrente,produto,1,/api/gene/MLH1,3.77,200,1,0.0038
local,concorrente,produto,1,/api/gene/MLH1,3.48,200,2,0.0035
local,concorrente,produto,5,/api/gene/MLH1,33.86,200,0,0.0341
local,concorrente,produto,5,/api/gene/HBB,28.77,200,0,0.0341
local,concorrente,produto,5,/api/gene/MSH2,28.98,200,0,0.0341
local,concorrente,produto,5,/api/variant/rs334,28.26,200,0,0.0341
local,concorrente,produto,5,/api/variant/rs1800562,27.78,200,0,0.0341
local,concorrente,produto,5,/api/gene/MLH1,7.85,200,1,0.0128
local,concorrente,produto,5,/api/gene/HBB,11.43,200,1,0.0128
local,concorrente,produto,5,/api/gene/MSH2,12.12,200,1,0.0128
local,concorrente,produto,5,/api/variant/rs334,11.51,200,1,0.0128
local,concorrente,produto,5,/api/variant/rs1800562,11.12,200,1,0.0128
local,concorrente,produto,5,/api/gene/MLH1,3.47,429,2,0.0061
local,concorrente,produto,5,/api/gene/HBB,4.13,429,2,0.0061
local,concorrente,produto,5,/api/gene/MSH2,5.06,429,2,0.0061
local,concorrente,produto,5,/api/variant/rs334,5.19,429,2,0.0061
local,concorrente,produto,5,/api/variant/rs1800562,4.03,429,2,0.0061
local,concorrente,produto,10,/api/gene/MLH1,25.46,200,0,0.0256
local,concorrente,produto,10,/api/gene/HBB,20.29,200,0,0.0256
local,concorrente,produto,10,/api/gene/MSH2,23.96,200,0,0.0256
local,concorrente,produto,10,/api/variant/rs334,22.62,200,0,0.0256
local,concorrente,produto,10,/api/variant/rs1800562,22.82,200,0,0.0256
local,concorrente,produto,10,/api/variant/rs6025,21.66,200,0,0.0256
local,concorrente,produto,10,/api/disease/anemia-falciforme,21.87,200,0,0.0256
local,concorrente,produto,10,/api/disease/talassemia-beta,22.51,200,0,0.0256
local,concorrente,produto,10,/api/panel/cancer-mama-ovario-hereditario,21.82,200,0,0.0256
local,concorrente,produto,10,/api/panel/cancer-colorretal-hereditario,21.1,200,0,0.0256
local,concorrente,produto,10,/api/gene/MLH1,7.56,429,1,0.0166
local,concorrente,produto,10,/api/gene/HBB,8.86,429,1,0.0166
local,concorrente,produto,10,/api/gene/MSH2,12.44,429,1,0.0166
local,concorrente,produto,10,/api/variant/rs334,14.35,429,1,0.0166
local,concorrente,produto,10,/api/variant/rs1800562,9.76,429,1,0.0166
local,concorrente,produto,10,/api/variant/rs6025,12.81,429,1,0.0166
local,concorrente,produto,10,/api/disease/anemia-falciforme,9.37,429,1,0.0166
local,concorrente,produto,10,/api/disease/talassemia-beta,14.0,429,1,0.0166
local,concorrente,produto,10,/api/panel/cancer-mama-ovario-hereditario,11.43,429,1,0.0166
local,concorrente,produto,10,/api/panel/cancer-colorretal-hereditario,12.51,429,1,0.0166
local,concorrente,produto,10,/api/gene/MLH1,6.42,429,2,0.0158
local,concorrente,produto,10,/api/gene/HBB,7.71,429,2,0.0158
local,concorrente,produto,10,/api/gene/MSH2,10.78,429,2,0.0158
local,concorrente,produto,10,/api/variant/rs334,13.41,429,2,0.0158
local,concorrente,produto,10,/api/variant/rs1800562,8.72,429,2,0.0158
local,concorrente,produto,10,/api/variant/rs6025,12.3,429,2,0.0158
local,concorrente,produto,10,/api/disease/anemia-falciforme,8.25,429,2,0.0158
local,concorrente,produto,10,/api/disease/talassemia-beta,13.28,429,2,0.0158
local,concorrente,produto,10,/api/panel/cancer-mama-ovario-hereditario,10.34,429,2,0.0158
local,concorrente,produto,10,/api/panel/cancer-colorretal-hereditario,12.08,429,2,0.0158
local,concorrente,produto,20,/api/gene/MLH1,32.71,429,0,0.0363
local,concorrente,produto,20,/api/gene/HBB,35.32,200,0,0.0363
local,concorrente,produto,20,/api/gene/MSH2,34.66,200,0,0.0363
local,concorrente,produto,20,/api/variant/rs334,27.9,429,0,0.0363
local,concorrente,produto,20,/api/variant/rs1800562,30.62,200,0,0.0363
local,concorrente,produto,20,/api/variant/rs6025,33.33,200,0,0.0363
local,concorrente,produto,20,/api/disease/anemia-falciforme,32.31,200,0,0.0363
local,concorrente,produto,20,/api/disease/talassemia-beta,32.51,200,0,0.0363
local,concorrente,produto,20,/api/panel/cancer-mama-ovario-hereditario,31.15,200,0,0.0363
local,concorrente,produto,20,/api/panel/cancer-colorretal-hereditario,30.11,200,0,0.0363
local,concorrente,produto,20,/api/gene/MLH1,25.92,429,0,0.0363
local,concorrente,produto,20,/api/gene/HBB,33.69,200,0,0.0363
local,concorrente,produto,20,/api/gene/MSH2,25.87,429,0,0.0363
local,concorrente,produto,20,/api/variant/rs334,30.57,200,0,0.0363
local,concorrente,produto,20,/api/variant/rs1800562,25.9,429,0,0.0363
local,concorrente,produto,20,/api/variant/rs6025,23.19,429,0,0.0363
local,concorrente,produto,20,/api/disease/anemia-falciforme,28.96,429,0,0.0363
local,concorrente,produto,20,/api/disease/talassemia-beta,23.4,429,0,0.0363
local,concorrente,produto,20,/api/panel/cancer-mama-ovario-hereditario,22.86,429,0,0.0363
local,concorrente,produto,20,/api/panel/cancer-colorretal-hereditario,27.84,429,0,0.0363
local,concorrente,produto,20,/api/gene/MLH1,15.63,429,1,0.0523
local,concorrente,produto,20,/api/gene/HBB,16.37,429,1,0.0523
local,concorrente,produto,20,/api/gene/MSH2,22.89,429,1,0.0523
local,concorrente,produto,20,/api/variant/rs334,48.92,429,1,0.0523
local,concorrente,produto,20,/api/variant/rs1800562,18.07,429,1,0.0523
local,concorrente,produto,20,/api/variant/rs6025,30.63,429,1,0.0523
local,concorrente,produto,20,/api/disease/anemia-falciforme,19.79,429,1,0.0523
local,concorrente,produto,20,/api/disease/talassemia-beta,22.67,429,1,0.0523
local,concorrente,produto,20,/api/panel/cancer-mama-ovario-hereditario,47.59,429,1,0.0523
local,concorrente,produto,20,/api/panel/cancer-colorretal-hereditario,43.0,429,1,0.0523
local,concorrente,produto,20,/api/gene/MLH1,23.62,429,1,0.0523
local,concorrente,produto,20,/api/gene/HBB,39.4,429,1,0.0523
local,concorrente,produto,20,/api/gene/MSH2,27.21,429,1,0.0523
local,concorrente,produto,20,/api/variant/rs334,33.13,429,1,0.0523
local,concorrente,produto,20,/api/variant/rs1800562,29.48,429,1,0.0523
local,concorrente,produto,20,/api/variant/rs6025,38.24,429,1,0.0523
local,concorrente,produto,20,/api/disease/anemia-falciforme,35.37,429,1,0.0523
local,concorrente,produto,20,/api/disease/talassemia-beta,42.02,429,1,0.0523
local,concorrente,produto,20,/api/panel/cancer-mama-ovario-hereditario,39.36,429,1,0.0523
local,concorrente,produto,20,/api/panel/cancer-colorretal-hereditario,31.64,429,1,0.0523
local,concorrente,produto,20,/api/gene/MLH1,16.24,429,2,0.049
local,concorrente,produto,20,/api/gene/HBB,17.99,429,2,0.049
local,concorrente,produto,20,/api/gene/MSH2,24.32,429,2,0.049
local,concorrente,produto,20,/api/variant/rs334,43.81,429,2,0.049
local,concorrente,produto,20,/api/variant/rs1800562,20.06,429,2,0.049
local,concorrente,produto,20,/api/variant/rs6025,26.63,429,2,0.049
local,concorrente,produto,20,/api/disease/anemia-falciforme,20.46,429,2,0.049
local,concorrente,produto,20,/api/disease/talassemia-beta,30.5,429,2,0.049
local,concorrente,produto,20,/api/panel/cancer-mama-ovario-hereditario,23.86,429,2,0.049
local,concorrente,produto,20,/api/panel/cancer-colorretal-hereditario,42.34,429,2,0.049
local,concorrente,produto,20,/api/gene/MLH1,36.16,429,2,0.049
local,concorrente,produto,20,/api/gene/HBB,25.35,429,2,0.049
local,concorrente,produto,20,/api/gene/MSH2,28.13,429,2,0.049
local,concorrente,produto,20,/api/variant/rs334,27.88,429,2,0.049
local,concorrente,produto,20,/api/variant/rs1800562,38.98,429,2,0.049
local,concorrente,produto,20,/api/variant/rs6025,29.53,429,2,0.049
local,concorrente,produto,20,/api/disease/anemia-falciforme,38.58,429,2,0.049
local,concorrente,produto,20,/api/disease/talassemia-beta,33.91,429,2,0.049
local,concorrente,produto,20,/api/panel/cancer-mama-ovario-hereditario,38.24,429,2,0.049
local,concorrente,produto,20,/api/panel/cancer-colorretal-hereditario,30.59,429,2,0.049
local,concorrente,produto,40,/api/gene/MLH1,74.59,429,0,0.075
local,concorrente,produto,40,/api/gene/HBB,41.33,200,0,0.075
local,concorrente,produto,40,/api/gene/MSH2,50.7,429,0,0.075
local,concorrente,produto,40,/api/variant/rs334,45.97,200,0,0.075
local,concorrente,produto,40,/api/variant/rs1800562,43.03,200,0,0.075
local,concorrente,produto,40,/api/variant/rs6025,56.23,429,0,0.075
local,concorrente,produto,40,/api/disease/anemia-falciforme,43.12,200,0,0.075
local,concorrente,produto,40,/api/disease/talassemia-beta,48.14,200,0,0.075
local,concorrente,produto,40,/api/panel/cancer-mama-ovario-hereditario,57.64,429,0,0.075
local,concorrente,produto,40,/api/panel/cancer-colorretal-hereditario,48.53,200,0,0.075
local,concorrente,produto,40,/api/gene/MLH1,41.14,429,0,0.075
local,concorrente,produto,40,/api/gene/HBB,37.15,429,0,0.075
local,concorrente,produto,40,/api/gene/MSH2,45.59,200,0,0.075
local,concorrente,produto,40,/api/variant/rs334,37.89,429,0,0.075
local,concorrente,produto,40,/api/variant/rs1800562,48.19,200,0,0.075
local,concorrente,produto,40,/api/variant/rs6025,45.15,200,0,0.075
local,concorrente,produto,40,/api/disease/anemia-falciforme,52.1,429,0,0.075
local,concorrente,produto,40,/api/disease/talassemia-beta,41.17,429,0,0.075
local,concorrente,produto,40,/api/panel/cancer-mama-ovario-hereditario,44.85,429,0,0.075
local,concorrente,produto,40,/api/panel/cancer-colorretal-hereditario,45.0,200,0,0.075
local,concorrente,produto,40,/api/gene/MLH1,45.6,429,0,0.075
local,concorrente,produto,40,/api/gene/HBB,42.01,429,0,0.075
local,concorrente,produto,40,/api/gene/MSH2,59.97,429,0,0.075
local,concorrente,produto,40,/api/variant/rs334,53.53,429,0,0.075
local,concorrente,produto,40,/api/variant/rs1800562,50.72,429,0,0.075
local,concorrente,produto,40,/api/variant/rs6025,57.74,429,0,0.075
local,concorrente,produto,40,/api/disease/anemia-falciforme,52.32,429,0,0.075
local,concorrente,produto,40,/api/disease/talassemia-beta,51.63,429,0,0.075
local,concorrente,produto,40,/api/panel/cancer-mama-ovario-hereditario,53.68,429,0,0.075
local,concorrente,produto,40,/api/panel/cancer-colorretal-hereditario,57.65,429,0,0.075
local,concorrente,produto,40,/api/gene/MLH1,49.97,429,0,0.075
local,concorrente,produto,40,/api/gene/HBB,53.74,429,0,0.075
local,concorrente,produto,40,/api/gene/MSH2,60.07,429,0,0.075
local,concorrente,produto,40,/api/variant/rs334,59.04,429,0,0.075
local,concorrente,produto,40,/api/variant/rs1800562,60.48,429,0,0.075
local,concorrente,produto,40,/api/variant/rs6025,54.95,429,0,0.075
local,concorrente,produto,40,/api/disease/anemia-falciforme,53.36,429,0,0.075
local,concorrente,produto,40,/api/disease/talassemia-beta,53.83,429,0,0.075
local,concorrente,produto,40,/api/panel/cancer-mama-ovario-hereditario,57.35,429,0,0.075
local,concorrente,produto,40,/api/panel/cancer-colorretal-hereditario,60.24,429,0,0.075
local,concorrente,produto,40,/api/gene/MLH1,47.57,429,1,0.1887
local,concorrente,produto,40,/api/gene/HBB,50.66,429,1,0.1887
local,concorrente,produto,40,/api/gene/MSH2,61.05,429,1,0.1887
local,concorrente,produto,40,/api/variant/rs334,100.83,429,1,0.1887
local,concorrente,produto,40,/api/variant/rs1800562,53.38,429,1,0.1887
local,concorrente,produto,40,/api/variant/rs6025,67.77,429,1,0.1887
local,concorrente,produto,40,/api/disease/anemia-falciforme,54.26,429,1,0.1887
local,concorrente,produto,40,/api/disease/talassemia-beta,73.9,429,1,0.1887
local,concorrente,produto,40,/api/panel/cancer-mama-ovario-hereditario,60.2,429,1,0.1887
local,concorrente,produto,40,/api/panel/cancer-colorretal-hereditario,157.21,429,1,0.1887
local,concorrente,produto,40,/api/gene/MLH1,83.08,429,1,0.1887
local,concorrente,produto,40,/api/gene/HBB,62.8,429,1,0.1887
local,concorrente,produto,40,/api/gene/MSH2,67.3,429,1,0.1887
local,concorrente,produto,40,/api/variant/rs334,133.41,429,1,0.1887
local,concorrente,produto,40,/api/variant/rs1800562,93.2,429,1,0.1887
local,concorrente,produto,40,/api/variant/rs6025,72.42,429,1,0.1887
local,concorrente,produto,40,/api/disease/anemia-falciforme,160.0,429,1,0.1887
local,concorrente,produto,40,/api/disease/talassemia-beta,165.26,429,1,0.1887
local,concorrente,produto,40,/api/panel/cancer-mama-ovario-hereditario,114.1,429,1,0.1887
local,concorrente,produto,40,/api/panel/cancer-colorretal-hereditario,83.23,429,1,0.1887
local,concorrente,produto,40,/api/gene/MLH1,160.38,429,1,0.1887
local,concorrente,produto,40,/api/gene/HBB,96.48,429,1,0.1887
local,concorrente,produto,40,/api/gene/MSH2,104.72,429,1,0.1887
local,concorrente,produto,40,/api/variant/rs334,154.13,429,1,0.1887
local,concorrente,produto,40,/api/variant/rs1800562,90.41,429,1,0.1887
local,concorrente,produto,40,/api/variant/rs6025,139.95,429,1,0.1887
local,concorrente,produto,40,/api/disease/anemia-falciforme,161.04,429,1,0.1887
local,concorrente,produto,40,/api/disease/talassemia-beta,103.6,429,1,0.1887
local,concorrente,produto,40,/api/panel/cancer-mama-ovario-hereditario,101.58,429,1,0.1887
local,concorrente,produto,40,/api/panel/cancer-colorretal-hereditario,141.0,429,1,0.1887
local,concorrente,produto,40,/api/gene/MLH1,112.64,429,1,0.1887
local,concorrente,produto,40,/api/gene/HBB,125.57,429,1,0.1887
local,concorrente,produto,40,/api/gene/MSH2,107.71,429,1,0.1887
local,concorrente,produto,40,/api/variant/rs334,122.72,429,1,0.1887
local,concorrente,produto,40,/api/variant/rs1800562,152.15,429,1,0.1887
local,concorrente,produto,40,/api/variant/rs6025,112.93,429,1,0.1887
local,concorrente,produto,40,/api/disease/anemia-falciforme,123.49,429,1,0.1887
local,concorrente,produto,40,/api/disease/talassemia-beta,148.29,429,1,0.1887
local,concorrente,produto,40,/api/panel/cancer-mama-ovario-hereditario,131.43,429,1,0.1887
local,concorrente,produto,40,/api/panel/cancer-colorretal-hereditario,149.78,429,1,0.1887
local,concorrente,produto,40,/api/gene/MLH1,48.05,429,2,0.184
local,concorrente,produto,40,/api/gene/HBB,51.04,429,2,0.184
local,concorrente,produto,40,/api/gene/MSH2,62.61,429,2,0.184
local,concorrente,produto,40,/api/variant/rs334,162.11,429,2,0.184
local,concorrente,produto,40,/api/variant/rs1800562,54.62,429,2,0.184
local,concorrente,produto,40,/api/variant/rs6025,66.69,429,2,0.184
local,concorrente,produto,40,/api/disease/anemia-falciforme,55.49,429,2,0.184
local,concorrente,produto,40,/api/disease/talassemia-beta,73.55,429,2,0.184
local,concorrente,produto,40,/api/panel/cancer-mama-ovario-hereditario,61.62,429,2,0.184
local,concorrente,produto,40,/api/panel/cancer-colorretal-hereditario,169.15,429,2,0.184
local,concorrente,produto,40,/api/gene/MLH1,85.07,429,2,0.184
local,concorrente,produto,40,/api/gene/HBB,63.75,429,2,0.184
local,concorrente,produto,40,/api/gene/MSH2,69.57,429,2,0.184
local,concorrente,produto,40,/api/variant/rs334,70.38,429,2,0.184
local,concorrente,produto,40,/api/variant/rs1800562,160.04,429,2,0.184
local,concorrente,produto,40,/api/variant/rs6025,73.32,429,2,0.184
local,concorrente,produto,40,/api/disease/anemia-falciforme,165.39,429,2,0.184
local,concorrente,produto,40,/api/disease/talassemia-beta,84.02,429,2,0.184
local,concorrente,produto,40,/api/panel/cancer-mama-ovario-hereditario,102.55,429,2,0.184
local,concorrente,produto,40,/api/panel/cancer-colorretal-hereditario,85.07,429,2,0.184
local,concorrente,produto,40,/api/gene/MLH1,93.1,429,2,0.184
local,concorrente,produto,40,/api/gene/HBB,86.46,429,2,0.184
local,concorrente,produto,40,/api/gene/MSH2,131.41,429,2,0.184
local,concorrente,produto,40,/api/variant/rs334,157.03,429,2,0.184
local,concorrente,produto,40,/api/variant/rs1800562,91.01,429,2,0.184
local,concorrente,produto,40,/api/variant/rs6025,157.31,429,2,0.184
local,concorrente,produto,40,/api/disease/anemia-falciforme,103.48,429,2,0.184
local,concorrente,produto,40,/api/disease/talassemia-beta,103.41,429,2,0.184
local,concorrente,produto,40,/api/panel/cancer-mama-ovario-hereditario,100.69,429,2,0.184
local,concorrente,produto,40,/api/panel/cancer-colorretal-hereditario,116.05,429,2,0.184
local,concorrente,produto,40,/api/gene/MLH1,114.14,429,2,0.184
local,concorrente,produto,40,/api/gene/HBB,139.73,429,2,0.184
local,concorrente,produto,40,/api/gene/MSH2,103.74,429,2,0.184
local,concorrente,produto,40,/api/variant/rs334,109.67,429,2,0.184
local,concorrente,produto,40,/api/variant/rs1800562,142.02,429,2,0.184
local,concorrente,produto,40,/api/variant/rs6025,124.42,429,2,0.184
local,concorrente,produto,40,/api/disease/anemia-falciforme,121.8,429,2,0.184
local,concorrente,produto,40,/api/disease/talassemia-beta,133.23,429,2,0.184
local,concorrente,produto,40,/api/panel/cancer-mama-ovario-hereditario,145.89,429,2,0.184
local,concorrente,produto,40,/api/panel/cancer-colorretal-hereditario,121.44,429,2,0.184
local,concorrente,produto,80,/api/gene/MLH1,172.59,429,0,0.1731
local,concorrente,produto,80,/api/gene/HBB,81.51,200,0,0.1731
local,concorrente,produto,80,/api/gene/MSH2,70.03,429,0,0.1731
local,concorrente,produto,80,/api/variant/rs334,70.52,200,0,0.1731
local,concorrente,produto,80,/api/variant/rs1800562,86.29,200,0,0.1731
local,concorrente,produto,80,/api/variant/rs6025,86.76,429,0,0.1731
local,concorrente,produto,80,/api/disease/anemia-falciforme,92.93,429,0,0.1731
local,concorrente,produto,80,/api/disease/talassemia-beta,71.64,200,0,0.1731
local,concorrente,produto,80,/api/panel/cancer-mama-ovario-hereditario,59.96,429,0,0.1731
local,concorrente,produto,80,/api/panel/cancer-colorretal-hereditario,80.47,429,0,0.1731
local,concorrente,produto,80,/api/gene/MLH1,66.03,429,0,0.1731
local,concorrente,produto,80,/api/gene/HBB,77.5,200,0,0.1731
local,concorrente,produto,80,/api/gene/MSH2,76.8,200,0,0.1731
local,concorrente,produto,80,/api/variant/rs334,64.8,200,0,0.1731
local,concorrente,produto,80,/api/variant/rs1800562,93.0,200,0,0.1731
local,concorrente,produto,80,/api/variant/rs6025,97.8,429,0,0.1731
local,concorrente,produto,80,/api/disease/anemia-falciforme,69.95,200,0,0.1731
local,concorrente,produto,80,/api/disease/talassemia-beta,60.03,429,0,0.1731
local,concorrente,produto,80,/api/panel/cancer-mama-ovario-hereditario,68.79,200,0,0.1731
local,concorrente,produto,80,/api/panel/cancer-colorretal-hereditario,64.5,429,0,0.1731
local,concorrente,produto,80,/api/gene/MLH1,69.4,429,0,0.1731
local,concorrente,produto,80,/api/gene/HBB,76.83,429,0,0.1731
local,concorrente,produto,80,/api/gene/MSH2,80.19,429,0,0.1731
local,concorrente,produto,80,/api/variant/rs334,77.47,429,0,0.1731
local,concorrente,produto,80,/api/variant/rs1800562,75.17,429,0,0.1731
local,concorrente,produto,80,/api/variant/rs6025,68.32,429,0,0.1731
local,concorrente,produto,80,/api/disease/anemia-falciforme,77.48,429,0,0.1731
local,concorrente,produto,80,/api/disease/talassemia-beta,75.06,429,0,0.1731
local,concorrente,produto,80,/api/panel/cancer-mama-ovario-hereditario,81.76,429,0,0.1731
local,concorrente,produto,80,/api/panel/cancer-colorretal-hereditario,77.53,429,0,0.1731
local,concorrente,produto,80,/api/gene/MLH1,80.63,429,0,0.1731
local,concorrente,produto,80,/api/gene/HBB,81.86,429,0,0.1731
local,concorrente,produto,80,/api/gene/MSH2,82.44,429,0,0.1731
local,concorrente,produto,80,/api/variant/rs334,83.12,429,0,0.1731
local,concorrente,produto,80,/api/variant/rs1800562,77.12,429,0,0.1731
local,concorrente,produto,80,/api/variant/rs6025,104.22,429,0,0.1731
local,concorrente,produto,80,/api/disease/anemia-falciforme,86.04,429,0,0.1731
local,concorrente,produto,80,/api/disease/talassemia-beta,91.68,429,0,0.1731
local,concorrente,produto,80,/api/panel/cancer-mama-ovario-hereditario,83.87,429,0,0.1731
local,concorrente,produto,80,/api/panel/cancer-colorretal-hereditario,82.75,429,0,0.1731
local,concorrente,produto,80,/api/gene/MLH1,105.62,429,0,0.1731
local,concorrente,produto,80,/api/gene/HBB,116.02,429,0,0.1731
local,concorrente,produto,80,/api/gene/MSH2,111.86,429,0,0.1731
local,concorrente,produto,80,/api/variant/rs334,108.92,429,0,0.1731
local,concorrente,produto,80,/api/variant/rs1800562,85.36,429,0,0.1731
local,concorrente,produto,80,/api/variant/rs6025,87.1,429,0,0.1731
local,concorrente,produto,80,/api/disease/anemia-falciforme,98.59,429,0,0.1731
local,concorrente,produto,80,/api/disease/talassemia-beta,88.6,429,0,0.1731
local,concorrente,produto,80,/api/panel/cancer-mama-ovario-hereditario,106.46,429,0,0.1731
local,concorrente,produto,80,/api/panel/cancer-colorretal-hereditario,99.02,429,0,0.1731
local,concorrente,produto,80,/api/gene/MLH1,87.03,429,0,0.1731
local,concorrente,produto,80,/api/gene/HBB,102.1,429,0,0.1731
local,concorrente,produto,80,/api/gene/MSH2,108.42,429,0,0.1731
local,concorrente,produto,80,/api/variant/rs334,112.28,429,0,0.1731
local,concorrente,produto,80,/api/variant/rs1800562,99.14,429,0,0.1731
local,concorrente,produto,80,/api/variant/rs6025,122.05,429,0,0.1731
local,concorrente,produto,80,/api/disease/anemia-falciforme,120.24,429,0,0.1731
local,concorrente,produto,80,/api/disease/talassemia-beta,103.33,429,0,0.1731
local,concorrente,produto,80,/api/panel/cancer-mama-ovario-hereditario,134.57,429,0,0.1731
local,concorrente,produto,80,/api/panel/cancer-colorretal-hereditario,109.71,429,0,0.1731
local,concorrente,produto,80,/api/gene/MLH1,122.54,429,0,0.1731
local,concorrente,produto,80,/api/gene/HBB,116.18,429,0,0.1731
local,concorrente,produto,80,/api/gene/MSH2,146.24,429,0,0.1731
local,concorrente,produto,80,/api/variant/rs334,149.86,429,0,0.1731
local,concorrente,produto,80,/api/variant/rs1800562,114.09,429,0,0.1731
local,concorrente,produto,80,/api/variant/rs6025,128.05,429,0,0.1731
local,concorrente,produto,80,/api/disease/anemia-falciforme,126.15,429,0,0.1731
local,concorrente,produto,80,/api/disease/talassemia-beta,116.37,429,0,0.1731
local,concorrente,produto,80,/api/panel/cancer-mama-ovario-hereditario,111.75,429,0,0.1731
local,concorrente,produto,80,/api/panel/cancer-colorretal-hereditario,122.23,429,0,0.1731
local,concorrente,produto,80,/api/gene/MLH1,123.15,429,0,0.1731
local,concorrente,produto,80,/api/gene/HBB,138.39,429,0,0.1731
local,concorrente,produto,80,/api/gene/MSH2,129.29,429,0,0.1731
local,concorrente,produto,80,/api/variant/rs334,132.49,429,0,0.1731
local,concorrente,produto,80,/api/variant/rs1800562,141.25,429,0,0.1731
local,concorrente,produto,80,/api/variant/rs6025,127.05,429,0,0.1731
local,concorrente,produto,80,/api/disease/anemia-falciforme,139.08,429,0,0.1731
local,concorrente,produto,80,/api/disease/talassemia-beta,133.38,429,0,0.1731
local,concorrente,produto,80,/api/panel/cancer-mama-ovario-hereditario,134.92,429,0,0.1731
local,concorrente,produto,80,/api/panel/cancer-colorretal-hereditario,143.97,429,0,0.1731
local,concorrente,produto,80,/api/gene/MLH1,189.1,429,1,0.9627
local,concorrente,produto,80,/api/gene/HBB,195.83,429,1,0.9627
local,concorrente,produto,80,/api/gene/MSH2,221.09,429,1,0.9627
local,concorrente,produto,80,/api/variant/rs334,955.93,200,1,0.9627
local,concorrente,produto,80,/api/variant/rs1800562,203.95,429,1,0.9627
local,concorrente,produto,80,/api/variant/rs6025,231.82,429,1,0.9627
local,concorrente,produto,80,/api/disease/anemia-falciforme,205.92,429,1,0.9627
local,concorrente,produto,80,/api/disease/talassemia-beta,246.44,429,1,0.9627
local,concorrente,produto,80,/api/panel/cancer-mama-ovario-hereditario,220.93,429,1,0.9627
local,concorrente,produto,80,/api/panel/cancer-colorretal-hereditario,937.56,200,1,0.9627
local,concorrente,produto,80,/api/gene/MLH1,272.21,429,1,0.9627
local,concorrente,produto,80,/api/gene/HBB,225.8,429,1,0.9627
local,concorrente,produto,80,/api/gene/MSH2,238.06,429,1,0.9627
local,concorrente,produto,80,/api/variant/rs334,240.06,429,1,0.9627
local,concorrente,produto,80,/api/variant/rs1800562,801.33,429,1,0.9627
local,concorrente,produto,80,/api/variant/rs6025,246.34,429,1,0.9627
local,concorrente,produto,80,/api/disease/anemia-falciforme,413.38,429,1,0.9627
local,concorrente,produto,80,/api/disease/talassemia-beta,270.32,429,1,0.9627
local,concorrente,produto,80,/api/panel/cancer-mama-ovario-hereditario,307.93,429,1,0.9627
local,concorrente,produto,80,/api/panel/cancer-colorretal-hereditario,272.8,429,1,0.9627
local,concorrente,produto,80,/api/gene/MLH1,286.28,429,1,0.9627
local,concorrente,produto,80,/api/gene/HBB,277.28,429,1,0.9627
local,concorrente,produto,80,/api/gene/MSH2,535.11,429,1,0.9627
local,concorrente,produto,80,/api/variant/rs334,885.0,200,1,0.9627
local,concorrente,produto,80,/api/variant/rs1800562,288.58,429,1,0.9627
local,concorrente,produto,80,/api/variant/rs6025,355.21,429,1,0.9627
local,concorrente,produto,80,/api/disease/anemia-falciforme,321.41,429,1,0.9627
local,concorrente,produto,80,/api/disease/talassemia-beta,315.15,429,1,0.9627
local,concorrente,produto,80,/api/panel/cancer-mama-ovario-hereditario,310.68,429,1,0.9627
local,concorrente,produto,80,/api/panel/cancer-colorretal-hereditario,420.54,429,1,0.9627
local,concorrente,produto,80,/api/gene/MLH1,346.71,429,1,0.9627
local,concorrente,produto,80,/api/gene/HBB,362.3,429,1,0.9627
local,concorrente,produto,80,/api/gene/MSH2,324.58,429,1,0.9627
local,concorrente,produto,80,/api/variant/rs334,881.52,200,1,0.9627
local,concorrente,produto,80,/api/variant/rs1800562,360.05,429,1,0.9627
local,concorrente,produto,80,/api/variant/rs6025,431.67,429,1,0.9627
local,concorrente,produto,80,/api/disease/anemia-falciforme,373.03,429,1,0.9627
local,concorrente,produto,80,/api/disease/talassemia-beta,453.17,429,1,0.9627
local,concorrente,produto,80,/api/panel/cancer-mama-ovario-hereditario,388.08,429,1,0.9627
local,concorrente,produto,80,/api/panel/cancer-colorretal-hereditario,793.12,429,1,0.9627
local,concorrente,produto,80,/api/gene/MLH1,418.89,429,1,0.9627
local,concorrente,produto,80,/api/gene/HBB,377.46,429,1,0.9627
local,concorrente,produto,80,/api/gene/MSH2,739.28,429,1,0.9627
local,concorrente,produto,80,/api/variant/rs334,496.51,429,1,0.9627
local,concorrente,produto,80,/api/variant/rs1800562,865.87,200,1,0.9627
local,concorrente,produto,80,/api/variant/rs6025,533.58,429,1,0.9627
local,concorrente,produto,80,/api/disease/anemia-falciforme,435.42,429,1,0.9627
local,concorrente,produto,80,/api/disease/talassemia-beta,472.32,429,1,0.9627
local,concorrente,produto,80,/api/panel/cancer-mama-ovario-hereditario,494.28,429,1,0.9627
local,concorrente,produto,80,/api/panel/cancer-colorretal-hereditario,516.33,429,1,0.9627
local,concorrente,produto,80,/api/gene/MLH1,699.17,429,1,0.9627
local,concorrente,produto,80,/api/gene/HBB,433.02,429,1,0.9627
local,concorrente,produto,80,/api/gene/MSH2,820.19,200,1,0.9627
local,concorrente,produto,80,/api/variant/rs334,441.89,429,1,0.9627
local,concorrente,produto,80,/api/variant/rs1800562,728.22,429,1,0.9627
local,concorrente,produto,80,/api/variant/rs6025,488.19,429,1,0.9627
local,concorrente,produto,80,/api/disease/anemia-falciforme,549.71,429,1,0.9627
local,concorrente,produto,80,/api/disease/talassemia-beta,517.0,429,1,0.9627
local,concorrente,produto,80,/api/panel/cancer-mama-ovario-hereditario,525.71,429,1,0.9627
local,concorrente,produto,80,/api/panel/cancer-colorretal-hereditario,569.16,429,1,0.9627
local,concorrente,produto,80,/api/gene/MLH1,657.97,429,1,0.9627
local,concorrente,produto,80,/api/gene/HBB,720.75,429,1,0.9627
local,concorrente,produto,80,/api/gene/MSH2,510.54,429,1,0.9627
local,concorrente,produto,80,/api/variant/rs334,569.42,429,1,0.9627
local,concorrente,produto,80,/api/variant/rs1800562,549.88,429,1,0.9627
local,concorrente,produto,80,/api/variant/rs6025,523.91,429,1,0.9627
local,concorrente,produto,80,/api/disease/anemia-falciforme,667.11,429,1,0.9627
local,concorrente,produto,80,/api/disease/talassemia-beta,683.58,429,1,0.9627
local,concorrente,produto,80,/api/panel/cancer-mama-ovario-hereditario,533.07,429,1,0.9627
local,concorrente,produto,80,/api/panel/cancer-colorretal-hereditario,595.48,429,1,0.9627
local,concorrente,produto,80,/api/gene/MLH1,563.08,429,1,0.9627
local,concorrente,produto,80,/api/gene/HBB,728.82,429,1,0.9627
local,concorrente,produto,80,/api/gene/MSH2,619.61,429,1,0.9627
local,concorrente,produto,80,/api/variant/rs334,569.9,429,1,0.9627
local,concorrente,produto,80,/api/variant/rs1800562,576.39,429,1,0.9627
local,concorrente,produto,80,/api/variant/rs6025,586.91,429,1,0.9627
local,concorrente,produto,80,/api/disease/anemia-falciforme,740.19,200,1,0.9627
local,concorrente,produto,80,/api/disease/talassemia-beta,593.57,429,1,0.9627
local,concorrente,produto,80,/api/panel/cancer-mama-ovario-hereditario,777.26,200,1,0.9627
local,concorrente,produto,80,/api/panel/cancer-colorretal-hereditario,728.6,429,1,0.9627
local,concorrente,produto,80,/api/gene/MLH1,209.78,200,2,0.9612
local,concorrente,produto,80,/api/gene/HBB,220.88,200,2,0.9612
local,concorrente,produto,80,/api/gene/MSH2,271.79,429,2,0.9612
local,concorrente,produto,80,/api/variant/rs334,249.49,429,2,0.9612
local,concorrente,produto,80,/api/variant/rs1800562,218.56,429,2,0.9612
local,concorrente,produto,80,/api/variant/rs6025,928.07,429,2,0.9612
local,concorrente,produto,80,/api/disease/anemia-falciforme,473.44,429,2,0.9612
local,concorrente,produto,80,/api/disease/talassemia-beta,222.97,429,2,0.9612
local,concorrente,produto,80,/api/panel/cancer-mama-ovario-hereditario,229.49,429,2,0.9612
local,concorrente,produto,80,/api/panel/cancer-colorretal-hereditario,784.59,429,2,0.9612
local,concorrente,produto,80,/api/gene/MLH1,240.45,429,2,0.9612
local,concorrente,produto,80,/api/gene/HBB,335.04,429,2,0.9612
local,concorrente,produto,80,/api/gene/MSH2,266.94,429,2,0.9612
local,concorrente,produto,80,/api/variant/rs334,919.61,200,2,0.9612
local,concorrente,produto,80,/api/variant/rs1800562,264.56,429,2,0.9612
local,concorrente,produto,80,/api/variant/rs6025,295.25,429,2,0.9612
local,concorrente,produto,80,/api/disease/anemia-falciforme,273.19,429,2,0.9612
local,concorrente,produto,80,/api/disease/talassemia-beta,821.87,429,2,0.9612
local,concorrente,produto,80,/api/panel/cancer-mama-ovario-hereditario,301.7,429,2,0.9612
local,concorrente,produto,80,/api/panel/cancer-colorretal-hereditario,883.87,429,2,0.9612
local,concorrente,produto,80,/api/gene/MLH1,913.07,429,2,0.9612
local,concorrente,produto,80,/api/gene/HBB,305.63,429,2,0.9612
local,concorrente,produto,80,/api/gene/MSH2,841.08,429,2,0.9612
local,concorrente,produto,80,/api/variant/rs334,325.12,429,2,0.9612
local,concorrente,produto,80,/api/variant/rs1800562,392.71,429,2,0.9612
local,concorrente,produto,80,/api/variant/rs6025,313.31,429,2,0.9612
local,concorrente,produto,80,/api/disease/anemia-falciforme,848.97,429,2,0.9612
local,concorrente,produto,80,/api/disease/talassemia-beta,353.42,429,2,0.9612
local,concorrente,produto,80,/api/panel/cancer-mama-ovario-hereditario,326.72,429,2,0.9612
local,concorrente,produto,80,/api/panel/cancer-colorretal-hereditario,353.29,429,2,0.9612
local,concorrente,produto,80,/api/gene/MLH1,457.4,429,2,0.9612
local,concorrente,produto,80,/api/gene/HBB,797.83,429,2,0.9612
local,concorrente,produto,80,/api/gene/MSH2,352.86,429,2,0.9612
local,concorrente,produto,80,/api/variant/rs334,704.66,429,2,0.9612
local,concorrente,produto,80,/api/variant/rs1800562,387.47,429,2,0.9612
local,concorrente,produto,80,/api/variant/rs6025,383.21,429,2,0.9612
local,concorrente,produto,80,/api/disease/anemia-falciforme,402.52,429,2,0.9612
local,concorrente,produto,80,/api/disease/talassemia-beta,371.86,429,2,0.9612
local,concorrente,produto,80,/api/panel/cancer-mama-ovario-hereditario,406.27,429,2,0.9612
local,concorrente,produto,80,/api/panel/cancer-colorretal-hereditario,428.15,429,2,0.9612
local,concorrente,produto,80,/api/gene/MLH1,410.79,429,2,0.9612
local,concorrente,produto,80,/api/gene/HBB,543.31,429,2,0.9612
local,concorrente,produto,80,/api/gene/MSH2,857.63,429,2,0.9612
local,concorrente,produto,80,/api/variant/rs334,406.28,429,2,0.9612
local,concorrente,produto,80,/api/variant/rs1800562,421.41,429,2,0.9612
local,concorrente,produto,80,/api/variant/rs6025,445.09,429,2,0.9612
local,concorrente,produto,80,/api/disease/anemia-falciforme,451.55,429,2,0.9612
local,concorrente,produto,80,/api/disease/talassemia-beta,792.85,429,2,0.9612
local,concorrente,produto,80,/api/panel/cancer-mama-ovario-hereditario,468.88,429,2,0.9612
local,concorrente,produto,80,/api/panel/cancer-colorretal-hereditario,475.55,429,2,0.9612
local,concorrente,produto,80,/api/gene/MLH1,475.47,429,2,0.9612
local,concorrente,produto,80,/api/gene/HBB,451.68,429,2,0.9612
local,concorrente,produto,80,/api/gene/MSH2,473.07,429,2,0.9612
local,concorrente,produto,80,/api/variant/rs334,535.75,429,2,0.9612
local,concorrente,produto,80,/api/variant/rs1800562,715.47,429,2,0.9612
local,concorrente,produto,80,/api/variant/rs6025,806.83,200,2,0.9612
local,concorrente,produto,80,/api/disease/anemia-falciforme,813.85,429,2,0.9612
local,concorrente,produto,80,/api/disease/talassemia-beta,481.34,429,2,0.9612
local,concorrente,produto,80,/api/panel/cancer-mama-ovario-hereditario,526.31,429,2,0.9612
local,concorrente,produto,80,/api/panel/cancer-colorretal-hereditario,532.89,429,2,0.9612
local,concorrente,produto,80,/api/gene/MLH1,504.79,429,2,0.9612
local,concorrente,produto,80,/api/gene/HBB,599.43,429,2,0.9612
local,concorrente,produto,80,/api/gene/MSH2,575.39,429,2,0.9612
local,concorrente,produto,80,/api/variant/rs334,767.17,429,2,0.9612
local,concorrente,produto,80,/api/variant/rs1800562,555.01,429,2,0.9612
local,concorrente,produto,80,/api/variant/rs6025,525.89,429,2,0.9612
local,concorrente,produto,80,/api/disease/anemia-falciforme,805.97,200,2,0.9612
local,concorrente,produto,80,/api/disease/talassemia-beta,532.79,429,2,0.9612
local,concorrente,produto,80,/api/panel/cancer-mama-ovario-hereditario,632.44,429,2,0.9612
local,concorrente,produto,80,/api/panel/cancer-colorretal-hereditario,701.27,429,2,0.9612
local,concorrente,produto,80,/api/gene/MLH1,550.63,429,2,0.9612
local,concorrente,produto,80,/api/gene/HBB,614.45,429,2,0.9612
local,concorrente,produto,80,/api/gene/MSH2,583.55,429,2,0.9612
local,concorrente,produto,80,/api/variant/rs334,685.73,429,2,0.9612
local,concorrente,produto,80,/api/variant/rs1800562,577.11,429,2,0.9612
local,concorrente,produto,80,/api/variant/rs6025,638.99,429,2,0.9612
local,concorrente,produto,80,/api/disease/anemia-falciforme,596.46,429,2,0.9612
local,concorrente,produto,80,/api/disease/talassemia-beta,727.2,429,2,0.9612
local,concorrente,produto,80,/api/panel/cancer-mama-ovario-hereditario,783.82,429,2,0.9612
local,concorrente,produto,80,/api/panel/cancer-colorretal-hereditario,709.9,429,2,0.9612
local,concorrente,produto,160,/api/gene/MLH1,593.44,429,0,0.5941
local,concorrente,produto,160,/api/gene/HBB,128.01,200,0,0.5941
local,concorrente,produto,160,/api/gene/MSH2,112.04,200,0,0.5941
local,concorrente,produto,160,/api/variant/rs334,100.93,429,0,0.5941
local,concorrente,produto,160,/api/variant/rs1800562,100.06,200,0,0.5941
local,concorrente,produto,160,/api/variant/rs6025,92.67,429,0,0.5941
local,concorrente,produto,160,/api/disease/anemia-falciforme,98.9,200,0,0.5941
local,concorrente,produto,160,/api/disease/talassemia-beta,98.92,200,0,0.5941
local,concorrente,produto,160,/api/panel/cancer-mama-ovario-hereditario,99.58,200,0,0.5941
local,concorrente,produto,160,/api/panel/cancer-colorretal-hereditario,102.4,429,0,0.5941
local,concorrente,produto,160,/api/gene/MLH1,98.62,429,0,0.5941
local,concorrente,produto,160,/api/gene/HBB,128.26,200,0,0.5941
local,concorrente,produto,160,/api/gene/MSH2,126.82,200,0,0.5941
local,concorrente,produto,160,/api/variant/rs334,147.18,429,0,0.5941
local,concorrente,produto,160,/api/variant/rs1800562,99.93,200,0,0.5941
local,concorrente,produto,160,/api/variant/rs6025,100.22,429,0,0.5941
local,concorrente,produto,160,/api/disease/anemia-falciforme,99.14,200,0,0.5941
local,concorrente,produto,160,/api/disease/talassemia-beta,113.77,429,0,0.5941
local,concorrente,produto,160,/api/panel/cancer-mama-ovario-hereditario,96.2,429,0,0.5941
local,concorrente,produto,160,/api/panel/cancer-colorretal-hereditario,112.53,429,0,0.5941
local,concorrente,produto,160,/api/gene/MLH1,97.89,429,0,0.5941
local,concorrente,produto,160,/api/gene/HBB,101.06,429,0,0.5941
local,concorrente,produto,160,/api/gene/MSH2,97.97,429,0,0.5941
local,concorrente,produto,160,/api/variant/rs334,100.04,429,0,0.5941
local,concorrente,produto,160,/api/variant/rs1800562,99.26,429,0,0.5941
local,concorrente,produto,160,/api/variant/rs6025,125.74,429,0,0.5941
local,concorrente,produto,160,/api/disease/anemia-falciforme,98.3,429,0,0.5941
local,concorrente,produto,160,/api/disease/talassemia-beta,108.79,429,0,0.5941
local,concorrente,produto,160,/api/panel/cancer-mama-ovario-hereditario,107.01,429,0,0.5941
local,concorrente,produto,160,/api/panel/cancer-colorretal-hereditario,100.1,429,0,0.5941
local,concorrente,produto,160,/api/gene/MLH1,100.52,429,0,0.5941
local,concorrente,produto,160,/api/gene/HBB,114.07,429,0,0.5941
local,concorrente,produto,160,/api/gene/MSH2,112.09,429,0,0.5941
local,concorrente,produto,160,/api/variant/rs334,114.71,429,0,0.5941
local,concorrente,produto,160,/api/variant/rs1800562,106.59,429,0,0.5941
local,concorrente,produto,160,/api/variant/rs6025,112.33,429,0,0.5941
local,concorrente,produto,160,/api/disease/anemia-falciforme,109.55,429,0,0.5941
local,concorrente,produto,160,/api/disease/talassemia-beta,110.25,429,0,0.5941
local,concorrente,produto,160,/api/panel/cancer-mama-ovario-hereditario,137.89,429,0,0.5941
local,concorrente,produto,160,/api/panel/cancer-colorretal-hereditario,142.28,429,0,0.5941
local,concorrente,produto,160,/api/gene/MLH1,129.07,429,0,0.5941
local,concorrente,produto,160,/api/gene/HBB,114.1,429,0,0.5941
local,concorrente,produto,160,/api/gene/MSH2,123.61,429,0,0.5941
local,concorrente,produto,160,/api/variant/rs334,125.92,429,0,0.5941
local,concorrente,produto,160,/api/variant/rs1800562,142.72,429,0,0.5941
local,concorrente,produto,160,/api/variant/rs6025,126.72,429,0,0.5941
local,concorrente,produto,160,/api/disease/anemia-falciforme,129.2,429,0,0.5941
local,concorrente,produto,160,/api/disease/talassemia-beta,146.85,429,0,0.5941
local,concorrente,produto,160,/api/panel/cancer-mama-ovario-hereditario,151.74,429,0,0.5941
local,concorrente,produto,160,/api/panel/cancer-colorretal-hereditario,164.75,429,0,0.5941
local,concorrente,produto,160,/api/gene/MLH1,123.2,429,0,0.5941
local,concorrente,produto,160,/api/gene/HBB,172.32,429,0,0.5941
local,concorrente,produto,160,/api/gene/MSH2,149.15,429,0,0.5941
local,concorrente,produto,160,/api/variant/rs334,136.32,429,0,0.5941
local,concorrente,produto,160,/api/variant/rs1800562,147.05,429,0,0.5941
local,concorrente,produto,160,/api/variant/rs6025,173.52,429,0,0.5941
local,concorrente,produto,160,/api/disease/anemia-falciforme,198.35,429,0,0.5941
local,concorrente,produto,160,/api/disease/talassemia-beta,153.44,429,0,0.5941
local,concorrente,produto,160,/api/panel/cancer-mama-ovario-hereditario,174.94,429,0,0.5941
local,concorrente,produto,160,/api/panel/cancer-colorretal-hereditario,151.18,429,0,0.5941
local,concorrente,produto,160,/api/gene/MLH1,166.29,429,0,0.5941
local,concorrente,produto,160,/api/gene/HBB,140.7,429,0,0.5941
local,concorrente,produto,160,/api/gene/MSH2,159.93,429,0,0.5941
local,concorrente,produto,160,/api/variant/rs334,141.77,429,0,0.5941
local,concorrente,produto,160,/api/variant/rs1800562,194.13,429,0,0.5941
local,concorrente,produto,160,/api/variant/rs6025,175.55,429,0,0.5941
local,concorrente,produto,160,/api/disease/anemia-falciforme,167.0,429,0,0.5941
local,concorrente,produto,160,/api/disease/talassemia-beta,186.35,429,0,0.5941
local,concorrente,produto,160,/api/panel/cancer-mama-ovario-hereditario,177.21,429,0,0.5941
local,concorrente,produto,160,/api/panel/cancer-colorretal-hereditario,162.38,429,0,0.5941
local,concorrente,produto,160,/api/gene/MLH1,208.54,429,0,0.5941
local,concorrente,produto,160,/api/gene/HBB,205.74,429,0,0.5941
local,concorrente,produto,160,/api/gene/MSH2,187.56,429,0,0.5941
local,concorrente,produto,160,/api/variant/rs334,189.75,429,0,0.5941
local,concorrente,produto,160,/api/variant/rs1800562,229.98,429,0,0.5941
local,concorrente,produto,160,/api/variant/rs6025,243.7,429,0,0.5941
local,concorrente,produto,160,/api/disease/anemia-falciforme,182.15,429,0,0.5941
local,concorrente,produto,160,/api/disease/talassemia-beta,223.8,429,0,0.5941
local,concorrente,produto,160,/api/panel/cancer-mama-ovario-hereditario,226.29,429,0,0.5941
local,concorrente,produto,160,/api/panel/cancer-colorretal-hereditario,195.63,429,0,0.5941
local,concorrente,produto,160,/api/gene/MLH1,271.4,429,0,0.5941
local,concorrente,produto,160,/api/gene/HBB,245.2,429,0,0.5941
local,concorrente,produto,160,/api/gene/MSH2,208.43,429,0,0.5941
local,concorrente,produto,160,/api/variant/rs334,230.77,429,0,0.5941
local,concorrente,produto,160,/api/variant/rs1800562,210.52,429,0,0.5941
local,concorrente,produto,160,/api/variant/rs6025,219.35,429,0,0.5941
local,concorrente,produto,160,/api/disease/anemia-falciforme,216.48,429,0,0.5941
local,concorrente,produto,160,/api/disease/talassemia-beta,232.64,429,0,0.5941
local,concorrente,produto,160,/api/panel/cancer-mama-ovario-hereditario,246.78,429,0,0.5941
local,concorrente,produto,160,/api/panel/cancer-colorretal-hereditario,279.05,429,0,0.5941
local,concorrente,produto,160,/api/gene/MLH1,234.61,429,0,0.5941
local,concorrente,produto,160,/api/gene/HBB,262.72,429,0,0.5941
local,concorrente,produto,160,/api/gene/MSH2,248.81,429,0,0.5941
local,concorrente,produto,160,/api/variant/rs334,294.5,429,0,0.5941
local,concorrente,produto,160,/api/variant/rs1800562,236.47,429,0,0.5941
local,concorrente,produto,160,/api/variant/rs6025,333.28,429,0,0.5941
local,concorrente,produto,160,/api/disease/anemia-falciforme,283.81,429,0,0.5941
local,concorrente,produto,160,/api/disease/talassemia-beta,258.18,429,0,0.5941
local,concorrente,produto,160,/api/panel/cancer-mama-ovario-hereditario,250.43,429,0,0.5941
local,concorrente,produto,160,/api/panel/cancer-colorretal-hereditario,270.15,429,0,0.5941
local,concorrente,produto,160,/api/gene/MLH1,279.67,429,0,0.5941
local,concorrente,produto,160,/api/gene/HBB,288.94,429,0,0.5941
local,concorrente,produto,160,/api/gene/MSH2,285.35,429,0,0.5941
local,concorrente,produto,160,/api/variant/rs334,262.62,429,0,0.5941
local,concorrente,produto,160,/api/variant/rs1800562,301.86,429,0,0.5941
local,concorrente,produto,160,/api/variant/rs6025,271.75,429,0,0.5941
local,concorrente,produto,160,/api/disease/anemia-falciforme,294.55,429,0,0.5941
local,concorrente,produto,160,/api/disease/talassemia-beta,344.41,429,0,0.5941
local,concorrente,produto,160,/api/panel/cancer-mama-ovario-hereditario,311.64,429,0,0.5941
local,concorrente,produto,160,/api/panel/cancer-colorretal-hereditario,297.21,429,0,0.5941
local,concorrente,produto,160,/api/gene/MLH1,322.07,429,0,0.5941
local,concorrente,produto,160,/api/gene/HBB,355.56,429,0,0.5941
local,concorrente,produto,160,/api/gene/MSH2,318.0,429,0,0.5941
local,concorrente,produto,160,/api/variant/rs334,455.03,429,0,0.5941
local,concorrente,produto,160,/api/variant/rs1800562,346.65,429,0,0.5941
local,concorrente,produto,160,/api/variant/rs6025,306.3,429,0,0.5941
local,concorrente,produto,160,/api/disease/anemia-falciforme,302.51,429,0,0.5941
local,concorrente,produto,160,/api/disease/talassemia-beta,331.65,429,0,0.5941
local,concorrente,produto,160,/api/panel/cancer-mama-ovario-hereditario,312.82,429,0,0.5941
local,concorrente,produto,160,/api/panel/cancer-colorretal-hereditario,323.42,429,0,0.5941
local,concorrente,produto,160,/api/gene/MLH1,349.25,429,0,0.5941
local,concorrente,produto,160,/api/gene/HBB,383.14,429,0,0.5941
local,concorrente,produto,160,/api/gene/MSH2,388.85,429,0,0.5941
local,concorrente,produto,160,/api/variant/rs334,369.45,429,0,0.5941
local,concorrente,produto,160,/api/variant/rs1800562,373.51,429,0,0.5941
local,concorrente,produto,160,/api/variant/rs6025,405.66,429,0,0.5941
local,concorrente,produto,160,/api/disease/anemia-falciforme,364.4,429,0,0.5941
local,concorrente,produto,160,/api/disease/talassemia-beta,377.08,429,0,0.5941
local,concorrente,produto,160,/api/panel/cancer-mama-ovario-hereditario,418.37,429,0,0.5941
local,concorrente,produto,160,/api/panel/cancer-colorretal-hereditario,436.67,429,0,0.5941
local,concorrente,produto,160,/api/gene/MLH1,355.03,429,0,0.5941
local,concorrente,produto,160,/api/gene/HBB,492.02,429,0,0.5941
local,concorrente,produto,160,/api/gene/MSH2,471.96,429,0,0.5941
local,concorrente,produto,160,/api/variant/rs334,390.51,429,0,0.5941
local,concorrente,produto,160,/api/variant/rs1800562,466.51,429,0,0.5941
local,concorrente,produto,160,/api/variant/rs6025,357.89,429,0,0.5941
local,concorrente,produto,160,/api/disease/anemia-falciforme,394.1,429,0,0.5941
local,concorrente,produto,160,/api/disease/talassemia-beta,453.94,429,0,0.5941
local,concorrente,produto,160,/api/panel/cancer-mama-ovario-hereditario,439.22,429,0,0.5941
local,concorrente,produto,160,/api/panel/cancer-colorretal-hereditario,397.68,429,0,0.5941
local,concorrente,produto,160,/api/gene/MLH1,474.82,429,0,0.5941
local,concorrente,produto,160,/api/gene/HBB,424.06,429,0,0.5941
local,concorrente,produto,160,/api/gene/MSH2,442.75,429,0,0.5941
local,concorrente,produto,160,/api/variant/rs334,419.01,429,0,0.5941
local,concorrente,produto,160,/api/variant/rs1800562,500.74,429,0,0.5941
local,concorrente,produto,160,/api/variant/rs6025,404.91,429,0,0.5941
local,concorrente,produto,160,/api/disease/anemia-falciforme,456.41,429,0,0.5941
local,concorrente,produto,160,/api/disease/talassemia-beta,427.2,429,0,0.5941
local,concorrente,produto,160,/api/panel/cancer-mama-ovario-hereditario,510.04,429,0,0.5941
local,concorrente,produto,160,/api/panel/cancer-colorretal-hereditario,408.41,429,0,0.5941
local,concorrente,produto,160,/api/gene/MLH1,520.12,429,0,0.5941
local,concorrente,produto,160,/api/gene/HBB,514.65,429,0,0.5941
local,concorrente,produto,160,/api/gene/MSH2,476.49,429,0,0.5941
local,concorrente,produto,160,/api/variant/rs334,503.54,429,0,0.5941
local,concorrente,produto,160,/api/variant/rs1800562,493.1,429,0,0.5941
local,concorrente,produto,160,/api/variant/rs6025,529.49,429,0,0.5941
local,concorrente,produto,160,/api/disease/anemia-falciforme,480.49,429,0,0.5941
local,concorrente,produto,160,/api/disease/talassemia-beta,523.63,429,0,0.5941
local,concorrente,produto,160,/api/panel/cancer-mama-ovario-hereditario,534.02,429,0,0.5941
local,concorrente,produto,160,/api/panel/cancer-colorretal-hereditario,539.17,429,0,0.5941
local,concorrente,produto,160,/api/gene/MLH1,999.75,200,1,4.664
local,concorrente,produto,160,/api/gene/HBB,1010.55,200,1,4.664
local,concorrente,produto,160,/api/gene/MSH2,4643.67,429,1,4.664
local,concorrente,produto,160,/api/variant/rs334,1079.19,200,1,4.664
local,concorrente,produto,160,/api/variant/rs1800562,1004.75,200,1,4.664
local,concorrente,produto,160,/api/variant/rs6025,4463.89,429,1,4.664
local,concorrente,produto,160,/api/disease/anemia-falciforme,4498.02,429,1,4.664
local,concorrente,produto,160,/api/disease/talassemia-beta,1023.31,200,1,4.664
local,concorrente,produto,160,/api/panel/cancer-mama-ovario-hereditario,1084.53,200,1,4.664
local,concorrente,produto,160,/api/panel/cancer-colorretal-hereditario,1347.17,429,1,4.664
local,concorrente,produto,160,/api/gene/MLH1,1079.01,200,1,4.664
local,concorrente,produto,160,/api/gene/HBB,2150.97,200,1,4.664
local,concorrente,produto,160,/api/gene/MSH2,1171.32,200,1,4.664
local,concorrente,produto,160,/api/variant/rs334,1097.77,200,1,4.664
local,concorrente,produto,160,/api/variant/rs1800562,4573.23,429,1,4.664
local,concorrente,produto,160,/api/variant/rs6025,1181.6,429,1,4.664
local,concorrente,produto,160,/api/disease/anemia-falciforme,4568.88,429,1,4.664
local,concorrente,produto,160,/api/disease/talassemia-beta,1209.58,429,1,4.664
local,concorrente,produto,160,/api/panel/cancer-mama-ovario-hereditario,1159.56,200,1,4.664
local,concorrente,produto,160,/api/panel/cancer-colorretal-hereditario,1275.19,429,1,4.664
local,concorrente,produto,160,/api/gene/MLH1,4548.73,429,1,4.664
local,concorrente,produto,160,/api/gene/HBB,4538.0,429,1,4.664
local,concorrente,produto,160,/api/gene/MSH2,1575.81,429,1,4.664
local,concorrente,produto,160,/api/variant/rs334,1203.87,429,1,4.664
local,concorrente,produto,160,/api/variant/rs1800562,1214.71,429,1,4.664
local,concorrente,produto,160,/api/variant/rs6025,1263.64,429,1,4.664
local,concorrente,produto,160,/api/disease/anemia-falciforme,4503.38,429,1,4.664
local,concorrente,produto,160,/api/disease/talassemia-beta,1328.87,429,1,4.664
local,concorrente,produto,160,/api/panel/cancer-mama-ovario-hereditario,1268.9,429,1,4.664
local,concorrente,produto,160,/api/panel/cancer-colorretal-hereditario,1284.84,429,1,4.664
local,concorrente,produto,160,/api/gene/MLH1,1306.86,429,1,4.664
local,concorrente,produto,160,/api/gene/HBB,1355.89,429,1,4.664
local,concorrente,produto,160,/api/gene/MSH2,1315.59,429,1,4.664
local,concorrente,produto,160,/api/variant/rs334,1386.63,429,1,4.664
local,concorrente,produto,160,/api/variant/rs1800562,1359.46,429,1,4.664
local,concorrente,produto,160,/api/variant/rs6025,1370.01,429,1,4.664
local,concorrente,produto,160,/api/disease/anemia-falciforme,1457.68,429,1,4.664
local,concorrente,produto,160,/api/disease/talassemia-beta,1397.31,429,1,4.664
local,concorrente,produto,160,/api/panel/cancer-mama-ovario-hereditario,4427.2,429,1,4.664
local,concorrente,produto,160,/api/panel/cancer-colorretal-hereditario,1473.47,429,1,4.664
local,concorrente,produto,160,/api/gene/MLH1,4415.59,429,1,4.664
local,concorrente,produto,160,/api/gene/HBB,1510.01,429,1,4.664
local,concorrente,produto,160,/api/gene/MSH2,1515.14,429,1,4.664
local,concorrente,produto,160,/api/variant/rs334,2415.6,429,1,4.664
local,concorrente,produto,160,/api/variant/rs1800562,1531.47,429,1,4.664
local,concorrente,produto,160,/api/variant/rs6025,1693.01,429,1,4.664
local,concorrente,produto,160,/api/disease/anemia-falciforme,1571.24,429,1,4.664
local,concorrente,produto,160,/api/disease/talassemia-beta,1852.43,200,1,4.664
local,concorrente,produto,160,/api/panel/cancer-mama-ovario-hereditario,1593.14,429,1,4.664
local,concorrente,produto,160,/api/panel/cancer-colorretal-hereditario,1542.21,429,1,4.664
local,concorrente,produto,160,/api/gene/MLH1,2322.21,429,1,4.664
local,concorrente,produto,160,/api/gene/HBB,1897.28,200,1,4.664
local,concorrente,produto,160,/api/gene/MSH2,1670.45,429,1,4.664
local,concorrente,produto,160,/api/variant/rs334,1643.21,429,1,4.664
local,concorrente,produto,160,/api/variant/rs1800562,1744.36,200,1,4.664
local,concorrente,produto,160,/api/variant/rs6025,4265.31,429,1,4.664
local,concorrente,produto,160,/api/disease/anemia-falciforme,1791.61,200,1,4.664
local,concorrente,produto,160,/api/disease/talassemia-beta,1659.83,200,1,4.664
local,concorrente,produto,160,/api/panel/cancer-mama-ovario-hereditario,1682.91,429,1,4.664
local,concorrente,produto,160,/api/panel/cancer-colorretal-hereditario,4297.52,429,1,4.664
local,concorrente,produto,160,/api/gene/MLH1,1989.23,429,1,4.664
local,concorrente,produto,160,/api/gene/HBB,2217.75,429,1,4.664
local,concorrente,produto,160,/api/gene/MSH2,1716.66,429,1,4.664
local,concorrente,produto,160,/api/variant/rs334,1863.6,200,1,4.664
local,concorrente,produto,160,/api/variant/rs1800562,2016.72,429,1,4.664
local,concorrente,produto,160,/api/variant/rs6025,1868.67,200,1,4.664
local,concorrente,produto,160,/api/disease/anemia-falciforme,4251.99,429,1,4.664
local,concorrente,produto,160,/api/disease/talassemia-beta,1901.76,200,1,4.664
local,concorrente,produto,160,/api/panel/cancer-mama-ovario-hereditario,1841.64,200,1,4.664
local,concorrente,produto,160,/api/panel/cancer-colorretal-hereditario,2304.46,429,1,4.664
local,concorrente,produto,160,/api/gene/MLH1,2546.72,429,1,4.664
local,concorrente,produto,160,/api/gene/HBB,1917.72,429,1,4.664
local,concorrente,produto,160,/api/gene/MSH2,4242.32,429,1,4.664
local,concorrente,produto,160,/api/variant/rs334,1977.84,429,1,4.664
local,concorrente,produto,160,/api/variant/rs1800562,1906.38,429,1,4.664
local,concorrente,produto,160,/api/variant/rs6025,2069.89,429,1,4.664
local,concorrente,produto,160,/api/disease/anemia-falciforme,1999.59,429,1,4.664
local,concorrente,produto,160,/api/disease/talassemia-beta,2064.39,429,1,4.664
local,concorrente,produto,160,/api/panel/cancer-mama-ovario-hereditario,2265.63,429,1,4.664
local,concorrente,produto,160,/api/panel/cancer-colorretal-hereditario,2351.48,429,1,4.664
local,concorrente,produto,160,/api/gene/MLH1,2026.46,429,1,4.664
local,concorrente,produto,160,/api/gene/HBB,2429.45,429,1,4.664
local,concorrente,produto,160,/api/gene/MSH2,2351.21,429,1,4.664
local,concorrente,produto,160,/api/variant/rs334,4154.49,429,1,4.664
local,concorrente,produto,160,/api/variant/rs1800562,2605.09,429,1,4.664
local,concorrente,produto,160,/api/variant/rs6025,2248.17,429,1,4.664
local,concorrente,produto,160,/api/disease/anemia-falciforme,2112.53,429,1,4.664
local,concorrente,produto,160,/api/disease/talassemia-beta,2433.75,429,1,4.664
local,concorrente,produto,160,/api/panel/cancer-mama-ovario-hereditario,2306.56,429,1,4.664
local,concorrente,produto,160,/api/panel/cancer-colorretal-hereditario,3003.26,429,1,4.664
local,concorrente,produto,160,/api/gene/MLH1,4099.35,429,1,4.664
local,concorrente,produto,160,/api/gene/HBB,4126.11,429,1,4.664
local,concorrente,produto,160,/api/gene/MSH2,2517.69,200,1,4.664
local,concorrente,produto,160,/api/variant/rs334,2241.16,429,1,4.664
local,concorrente,produto,160,/api/variant/rs1800562,3171.85,429,1,4.664
local,concorrente,produto,160,/api/variant/rs6025,2854.41,429,1,4.664
local,concorrente,produto,160,/api/disease/anemia-falciforme,4116.67,429,1,4.664
local,concorrente,produto,160,/api/disease/talassemia-beta,2596.0,429,1,4.664
local,concorrente,produto,160,/api/panel/cancer-mama-ovario-hereditario,2821.64,429,1,4.664
local,concorrente,produto,160,/api/panel/cancer-colorretal-hereditario,2440.5,429,1,4.664
local,concorrente,produto,160,/api/gene/MLH1,2350.63,429,1,4.664
local,concorrente,produto,160,/api/gene/HBB,4094.91,429,1,4.664
local,concorrente,produto,160,/api/gene/MSH2,2594.62,429,1,4.664
local,concorrente,produto,160,/api/variant/rs334,2461.88,429,1,4.664
local,concorrente,produto,160,/api/variant/rs1800562,2528.29,200,1,4.664
local,concorrente,produto,160,/api/variant/rs6025,2892.75,429,1,4.664
local,concorrente,produto,160,/api/disease/anemia-falciforme,2471.96,200,1,4.664
local,concorrente,produto,160,/api/disease/talassemia-beta,2672.52,200,1,4.664
local,concorrente,produto,160,/api/panel/cancer-mama-ovario-hereditario,2645.45,200,1,4.664
local,concorrente,produto,160,/api/panel/cancer-colorretal-hereditario,3449.03,429,1,4.664
local,concorrente,produto,160,/api/gene/MLH1,2694.5,200,1,4.664
local,concorrente,produto,160,/api/gene/HBB,2612.72,200,1,4.664
local,concorrente,produto,160,/api/gene/MSH2,2633.64,200,1,4.664
local,concorrente,produto,160,/api/variant/rs334,2978.14,429,1,4.664
local,concorrente,produto,160,/api/variant/rs1800562,3409.79,200,1,4.664
local,concorrente,produto,160,/api/variant/rs6025,4018.17,429,1,4.664
local,concorrente,produto,160,/api/disease/anemia-falciforme,2710.28,200,1,4.664
local,concorrente,produto,160,/api/disease/talassemia-beta,2880.29,200,1,4.664
local,concorrente,produto,160,/api/panel/cancer-mama-ovario-hereditario,3053.72,429,1,4.664
local,concorrente,produto,160,/api/panel/cancer-colorretal-hereditario,3070.04,429,1,4.664
local,concorrente,produto,160,/api/gene/MLH1,2917.38,429,1,4.664
local,concorrente,produto,160,/api/gene/HBB,3163.83,429,1,4.664
local,concorrente,produto,160,/api/gene/MSH2,2764.74,429,1,4.664
local,concorrente,produto,160,/api/variant/rs334,3285.57,429,1,4.664
local,concorrente,produto,160,/api/variant/rs1800562,3426.04,429,1,4.664
local,concorrente,produto,160,/api/variant/rs6025,3450.02,200,1,4.664
local,concorrente,produto,160,/api/disease/anemia-falciforme,2824.71,429,1,4.664
local,concorrente,produto,160,/api/disease/talassemia-beta,2846.31,429,1,4.664
local,concorrente,produto,160,/api/panel/cancer-mama-ovario-hereditario,3947.87,429,1,4.664
local,concorrente,produto,160,/api/panel/cancer-colorretal-hereditario,3230.15,429,1,4.664
local,concorrente,produto,160,/api/gene/MLH1,3108.49,429,1,4.664
local,concorrente,produto,160,/api/gene/HBB,2905.37,429,1,4.664
local,concorrente,produto,160,/api/gene/MSH2,2921.71,429,1,4.664
local,concorrente,produto,160,/api/variant/rs334,3197.12,429,1,4.664
local,concorrente,produto,160,/api/variant/rs1800562,3900.48,429,1,4.664
local,concorrente,produto,160,/api/variant/rs6025,3889.29,429,1,4.664
local,concorrente,produto,160,/api/disease/anemia-falciforme,3013.2,429,1,4.664
local,concorrente,produto,160,/api/disease/talassemia-beta,3163.71,429,1,4.664
local,concorrente,produto,160,/api/panel/cancer-mama-ovario-hereditario,3434.1,429,1,4.664
local,concorrente,produto,160,/api/panel/cancer-colorretal-hereditario,3857.95,429,1,4.664
local,concorrente,produto,160,/api/gene/MLH1,3080.72,429,1,4.664
local,concorrente,produto,160,/api/gene/HBB,3874.66,429,1,4.664
local,concorrente,produto,160,/api/gene/MSH2,3744.49,429,1,4.664
local,concorrente,produto,160,/api/variant/rs334,3390.11,429,1,4.664
local,concorrente,produto,160,/api/variant/rs1800562,3411.42,200,1,4.664
local,concorrente,produto,160,/api/variant/rs6025,3472.78,200,1,4.664
local,concorrente,produto,160,/api/disease/anemia-falciforme,3187.33,429,1,4.664
local,concorrente,produto,160,/api/disease/talassemia-beta,3841.84,429,1,4.664
local,concorrente,produto,160,/api/panel/cancer-mama-ovario-hereditario,3517.16,200,1,4.664
local,concorrente,produto,160,/api/panel/cancer-colorretal-hereditario,3757.12,429,1,4.664
local,concorrente,produto,160,/api/gene/MLH1,3604.26,200,1,4.664
local,concorrente,produto,160,/api/gene/HBB,3641.75,200,1,4.664
local,concorrente,produto,160,/api/gene/MSH2,3801.08,429,1,4.664
local,concorrente,produto,160,/api/variant/rs334,3641.07,429,1,4.664
local,concorrente,produto,160,/api/variant/rs1800562,3777.78,429,1,4.664
local,concorrente,produto,160,/api/variant/rs6025,3790.05,429,1,4.664
local,concorrente,produto,160,/api/disease/anemia-falciforme,3676.49,429,1,4.664
local,concorrente,produto,160,/api/disease/talassemia-beta,3581.45,200,1,4.664
local,concorrente,produto,160,/api/panel/cancer-mama-ovario-hereditario,3433.69,200,1,4.664
local,concorrente,produto,160,/api/panel/cancer-colorretal-hereditario,3586.73,200,1,4.664
local,concorrente,produto,160,/api/gene/MLH1,55.41,429,2,0.2741
local,concorrente,produto,160,/api/gene/HBB,56.51,429,2,0.2741
local,concorrente,produto,160,/api/gene/MSH2,60.21,429,2,0.2741
local,concorrente,produto,160,/api/variant/rs334,256.57,429,2,0.2741
local,concorrente,produto,160,/api/variant/rs1800562,57.14,429,2,0.2741
local,concorrente,produto,160,/api/variant/rs6025,62.47,429,2,0.2741
local,concorrente,produto,160,/api/disease/anemia-falciforme,58.36,429,2,0.2741
local,concorrente,produto,160,/api/disease/talassemia-beta,64.87,429,2,0.2741
local,concorrente,produto,160,/api/panel/cancer-mama-ovario-hereditario,60.35,429,2,0.2741
local,concorrente,produto,160,/api/panel/cancer-colorretal-hereditario,225.82,429,2,0.2741
local,concorrente,produto,160,/api/gene/MLH1,67.62,429,2,0.2741
local,concorrente,produto,160,/api/gene/HBB,79.15,429,2,0.2741
local,concorrente,produto,160,/api/gene/MSH2,62.79,429,2,0.2741
local,concorrente,produto,160,/api/variant/rs334,71.86,429,2,0.2741
local,concorrente,produto,160,/api/variant/rs1800562,67.47,429,2,0.2741
local,concorrente,produto,160,/api/variant/rs6025,64.54,429,2,0.2741
local,concorrente,produto,160,/api/disease/anemia-falciforme,238.01,429,2,0.2741
local,concorrente,produto,160,/api/disease/talassemia-beta,73.25,429,2,0.2741
local,concorrente,produto,160,/api/panel/cancer-mama-ovario-hereditario,68.68,429,2,0.2741
local,concorrente,produto,160,/api/panel/cancer-colorretal-hereditario,69.18,429,2,0.2741
local,concorrente,produto,160,/api/gene/MLH1,85.61,429,2,0.2741
local,concorrente,produto,160,/api/gene/HBB,76.93,429,2,0.2741
local,concorrente,produto,160,/api/gene/MSH2,239.16,429,2,0.2741
local,concorrente,produto,160,/api/variant/rs334,238.12,429,2,0.2741
local,concorrente,produto,160,/api/variant/rs1800562,79.77,429,2,0.2741
local,concorrente,produto,160,/api/variant/rs6025,94.34,429,2,0.2741
local,concorrente,produto,160,/api/disease/anemia-falciforme,71.81,429,2,0.2741
local,concorrente,produto,160,/api/disease/talassemia-beta,75.4,429,2,0.2741
local,concorrente,produto,160,/api/panel/cancer-mama-ovario-hereditario,225.05,429,2,0.2741
local,concorrente,produto,160,/api/panel/cancer-colorretal-hereditario,249.31,429,2,0.2741
local,concorrente,produto,160,/api/gene/MLH1,75.25,429,2,0.2741
local,concorrente,produto,160,/api/gene/HBB,117.47,429,2,0.2741
local,concorrente,produto,160,/api/gene/MSH2,77.02,429,2,0.2741
local,concorrente,produto,160,/api/variant/rs334,81.32,429,2,0.2741
local,concorrente,produto,160,/api/variant/rs1800562,86.84,429,2,0.2741
local,concorrente,produto,160,/api/variant/rs6025,250.55,429,2,0.2741
local,concorrente,produto,160,/api/disease/anemia-falciforme,82.59,429,2,0.2741
local,concorrente,produto,160,/api/disease/talassemia-beta,115.73,429,2,0.2741
local,concorrente,produto,160,/api/panel/cancer-mama-ovario-hereditario,85.77,429,2,0.2741
local,concorrente,produto,160,/api/panel/cancer-colorretal-hereditario,82.03,429,2,0.2741
local,concorrente,produto,160,/api/gene/MLH1,89.74,429,2,0.2741
local,concorrente,produto,160,/api/gene/HBB,85.6,429,2,0.2741
local,concorrente,produto,160,/api/gene/MSH2,95.99,429,2,0.2741
local,concorrente,produto,160,/api/variant/rs334,238.79,429,2,0.2741
local,concorrente,produto,160,/api/variant/rs1800562,251.33,429,2,0.2741
local,concorrente,produto,160,/api/variant/rs6025,84.08,429,2,0.2741
local,concorrente,produto,160,/api/disease/anemia-falciforme,90.09,429,2,0.2741
local,concorrente,produto,160,/api/disease/talassemia-beta,117.32,429,2,0.2741
local,concorrente,produto,160,/api/panel/cancer-mama-ovario-hereditario,90.94,429,2,0.2741
local,concorrente,produto,160,/api/panel/cancer-colorretal-hereditario,87.76,429,2,0.2741
local,concorrente,produto,160,/api/gene/MLH1,92.18,429,2,0.2741
local,concorrente,produto,160,/api/gene/HBB,89.51,429,2,0.2741
local,concorrente,produto,160,/api/gene/MSH2,97.41,429,2,0.2741
local,concorrente,produto,160,/api/variant/rs334,95.24,429,2,0.2741
local,concorrente,produto,160,/api/variant/rs1800562,104.38,429,2,0.2741
local,concorrente,produto,160,/api/variant/rs6025,96.66,429,2,0.2741
local,concorrente,produto,160,/api/disease/anemia-falciforme,93.27,429,2,0.2741
local,concorrente,produto,160,/api/disease/talassemia-beta,100.61,429,2,0.2741
local,concorrente,produto,160,/api/panel/cancer-mama-ovario-hereditario,97.8,429,2,0.2741
local,concorrente,produto,160,/api/panel/cancer-colorretal-hereditario,127.52,429,2,0.2741
local,concorrente,produto,160,/api/gene/MLH1,124.39,429,2,0.2741
local,concorrente,produto,160,/api/gene/HBB,97.72,429,2,0.2741
local,concorrente,produto,160,/api/gene/MSH2,98.61,429,2,0.2741
local,concorrente,produto,160,/api/variant/rs334,99.55,429,2,0.2741
local,concorrente,produto,160,/api/variant/rs1800562,111.65,429,2,0.2741
local,concorrente,produto,160,/api/variant/rs6025,218.59,429,2,0.2741
local,concorrente,produto,160,/api/disease/anemia-falciforme,249.89,429,2,0.2741
local,concorrente,produto,160,/api/disease/talassemia-beta,248.54,429,2,0.2741
local,concorrente,produto,160,/api/panel/cancer-mama-ovario-hereditario,101.91,429,2,0.2741
local,concorrente,produto,160,/api/panel/cancer-colorretal-hereditario,109.61,429,2,0.2741
local,concorrente,produto,160,/api/gene/MLH1,120.33,429,2,0.2741
local,concorrente,produto,160,/api/gene/HBB,114.8,429,2,0.2741
local,concorrente,produto,160,/api/gene/MSH2,105.78,429,2,0.2741
local,concorrente,produto,160,/api/variant/rs334,114.35,429,2,0.2741
local,concorrente,produto,160,/api/variant/rs1800562,111.04,429,2,0.2741
local,concorrente,produto,160,/api/variant/rs6025,224.43,429,2,0.2741
local,concorrente,produto,160,/api/disease/anemia-falciforme,146.07,429,2,0.2741
local,concorrente,produto,160,/api/disease/talassemia-beta,221.53,429,2,0.2741
local,concorrente,produto,160,/api/panel/cancer-mama-ovario-hereditario,110.13,429,2,0.2741
local,concorrente,produto,160,/api/panel/cancer-colorretal-hereditario,114.72,429,2,0.2741
local,concorrente,produto,160,/api/gene/MLH1,225.37,429,2,0.2741
local,concorrente,produto,160,/api/gene/HBB,124.66,429,2,0.2741
local,concorrente,produto,160,/api/gene/MSH2,120.43,429,2,0.2741
local,concorrente,produto,160,/api/variant/rs334,132.23,429,2,0.2741
local,concorrente,produto,160,/api/variant/rs1800562,126.09,429,2,0.2741
local,concorrente,produto,160,/api/variant/rs6025,153.37,429,2,0.2741
local,concorrente,produto,160,/api/disease/anemia-falciforme,121.65,429,2,0.2741
local,concorrente,produto,160,/api/disease/talassemia-beta,117.46,429,2,0.2741
local,concorrente,produto,160,/api/panel/cancer-mama-ovario-hereditario,127.75,429,2,0.2741
local,concorrente,produto,160,/api/panel/cancer-colorretal-hereditario,235.26,429,2,0.2741
local,concorrente,produto,160,/api/gene/MLH1,141.64,429,2,0.2741
local,concorrente,produto,160,/api/gene/HBB,138.19,429,2,0.2741
local,concorrente,produto,160,/api/gene/MSH2,134.01,429,2,0.2741
local,concorrente,produto,160,/api/variant/rs334,121.3,429,2,0.2741
local,concorrente,produto,160,/api/variant/rs1800562,145.51,429,2,0.2741
local,concorrente,produto,160,/api/variant/rs6025,237.7,429,2,0.2741
local,concorrente,produto,160,/api/disease/anemia-falciforme,133.09,429,2,0.2741
local,concorrente,produto,160,/api/disease/talassemia-beta,125.03,429,2,0.2741
local,concorrente,produto,160,/api/panel/cancer-mama-ovario-hereditario,141.27,429,2,0.2741
local,concorrente,produto,160,/api/panel/cancer-colorretal-hereditario,126.49,429,2,0.2741
local,concorrente,produto,160,/api/gene/MLH1,139.69,429,2,0.2741
local,concorrente,produto,160,/api/gene/HBB,128.37,429,2,0.2741
local,concorrente,produto,160,/api/gene/MSH2,165.99,429,2,0.2741
local,concorrente,produto,160,/api/variant/rs334,229.64,429,2,0.2741
local,concorrente,produto,160,/api/variant/rs1800562,131.5,429,2,0.2741
local,concorrente,produto,160,/api/variant/rs6025,142.91,429,2,0.2741
local,concorrente,produto,160,/api/disease/anemia-falciforme,133.67,429,2,0.2741
local,concorrente,produto,160,/api/disease/talassemia-beta,174.81,429,2,0.2741
local,concorrente,produto,160,/api/panel/cancer-mama-ovario-hereditario,156.21,429,2,0.2741
local,concorrente,produto,160,/api/panel/cancer-colorretal-hereditario,138.73,429,2,0.2741
local,concorrente,produto,160,/api/gene/MLH1,146.56,429,2,0.2741
local,concorrente,produto,160,/api/gene/HBB,147.41,429,2,0.2741
local,concorrente,produto,160,/api/gene/MSH2,139.51,429,2,0.2741
local,concorrente,produto,160,/api/variant/rs334,155.25,429,2,0.2741
local,concorrente,produto,160,/api/variant/rs1800562,177.21,429,2,0.2741
local,concorrente,produto,160,/api/variant/rs6025,191.84,429,2,0.2741
local,concorrente,produto,160,/api/disease/anemia-falciforme,141.88,429,2,0.2741
local,concorrente,produto,160,/api/disease/talassemia-beta,149.92,429,2,0.2741
local,concorrente,produto,160,/api/panel/cancer-mama-ovario-hereditario,147.73,429,2,0.2741
local,concorrente,produto,160,/api/panel/cancer-colorretal-hereditario,187.35,429,2,0.2741
local,concorrente,produto,160,/api/gene/MLH1,180.82,429,2,0.2741
local,concorrente,produto,160,/api/gene/HBB,145.58,429,2,0.2741
local,concorrente,produto,160,/api/gene/MSH2,232.79,429,2,0.2741
local,concorrente,produto,160,/api/variant/rs334,156.84,429,2,0.2741
local,concorrente,produto,160,/api/variant/rs1800562,229.01,429,2,0.2741
local,concorrente,produto,160,/api/variant/rs6025,147.53,429,2,0.2741
local,concorrente,produto,160,/api/disease/anemia-falciforme,148.27,429,2,0.2741
local,concorrente,produto,160,/api/disease/talassemia-beta,161.76,429,2,0.2741
local,concorrente,produto,160,/api/panel/cancer-mama-ovario-hereditario,163.09,429,2,0.2741
local,concorrente,produto,160,/api/panel/cancer-colorretal-hereditario,151.94,429,2,0.2741
local,concorrente,produto,160,/api/gene/MLH1,157.16,429,2,0.2741
local,concorrente,produto,160,/api/gene/HBB,158.08,429,2,0.2741
local,concorrente,produto,160,/api/gene/MSH2,154.62,429,2,0.2741
local,concorrente,produto,160,/api/variant/rs334,212.78,429,2,0.2741
local,concorrente,produto,160,/api/variant/rs1800562,210.9,429,2,0.2741
local,concorrente,produto,160,/api/variant/rs6025,160.24,429,2,0.2741
local,concorrente,produto,160,/api/disease/anemia-falciforme,180.89,429,2,0.2741
local,concorrente,produto,160,/api/disease/talassemia-beta,174.47,429,2,0.2741
local,concorrente,produto,160,/api/panel/cancer-mama-ovario-hereditario,164.54,429,2,0.2741
local,concorrente,produto,160,/api/panel/cancer-colorretal-hereditario,159.72,429,2,0.2741
local,concorrente,produto,160,/api/gene/MLH1,214.98,429,2,0.2741
local,concorrente,produto,160,/api/gene/HBB,161.35,429,2,0.2741
local,concorrente,produto,160,/api/gene/MSH2,212.84,429,2,0.2741
local,concorrente,produto,160,/api/variant/rs334,189.18,429,2,0.2741
local,concorrente,produto,160,/api/variant/rs1800562,175.83,429,2,0.2741
local,concorrente,produto,160,/api/variant/rs6025,165.13,429,2,0.2741
local,concorrente,produto,160,/api/disease/anemia-falciforme,190.58,429,2,0.2741
local,concorrente,produto,160,/api/disease/talassemia-beta,173.2,429,2,0.2741
local,concorrente,produto,160,/api/panel/cancer-mama-ovario-hereditario,217.73,429,2,0.2741
local,concorrente,produto,160,/api/panel/cancer-colorretal-hereditario,167.32,429,2,0.2741
local,concorrente,produto,160,/api/gene/MLH1,168.69,429,2,0.2741
local,concorrente,produto,160,/api/gene/HBB,182.56,429,2,0.2741
local,concorrente,produto,160,/api/gene/MSH2,200.85,429,2,0.2741
local,concorrente,produto,160,/api/variant/rs334,196.17,429,2,0.2741
local,concorrente,produto,160,/api/variant/rs1800562,201.81,429,2,0.2741
local,concorrente,produto,160,/api/variant/rs6025,172.56,429,2,0.2741
local,concorrente,produto,160,/api/disease/anemia-falciforme,217.29,429,2,0.2741
local,concorrente,produto,160,/api/disease/talassemia-beta,190.56,429,2,0.2741
local,concorrente,produto,160,/api/panel/cancer-mama-ovario-hereditario,221.76,429,2,0.2741
local,concorrente,produto,160,/api/panel/cancer-colorretal-hereditario,220.52,429,2,0.2741
