rotulo,fase,modo,nivel,caminho,ms,status,repeticao,decorrido_s
docker,sequencial,motor,"0,5 req/s",/api/gene/MLH1,9349.07,200,,
docker,sequencial,motor,"0,5 req/s",/api/gene/HBB,5948.59,200,,
docker,sequencial,motor,"0,5 req/s",/api/gene/MSH2,15734.0,200,,
docker,sequencial,motor,"0,5 req/s",/api/variant/rs334,5255.71,200,,
docker,sequencial,motor,"0,5 req/s",/api/variant/rs1800562,2645.36,200,,
docker,sequencial,motor,"0,5 req/s",/api/variant/rs6025,2172.83,200,,
docker,sequencial,motor,1 req/s,/api/gene/MLH1,5000.92,200,,
docker,sequencial,motor,1 req/s,/api/gene/HBB,4024.46,200,,
docker,sequencial,motor,1 req/s,/api/gene/MSH2,15996.47,200,,
docker,sequencial,motor,1 req/s,/api/variant/rs334,3041.94,200,,
docker,sequencial,motor,1 req/s,/api/variant/rs1800562,2291.64,200,,
docker,sequencial,motor,1 req/s,/api/variant/rs6025,2346.46,200,,
docker,sequencial,motor,2 req/s,/api/gene/MLH1,5233.14,200,,
docker,sequencial,motor,2 req/s,/api/gene/HBB,4178.73,200,,
docker,sequencial,motor,2 req/s,/api/gene/MSH2,12419.38,200,,
docker,sequencial,motor,2 req/s,/api/variant/rs334,10346.73,200,,
docker,sequencial,motor,2 req/s,/api/variant/rs1800562,2243.54,200,,
docker,sequencial,motor,2 req/s,/api/variant/rs6025,6105.07,200,,
docker,concorrente,motor,1,/api/gene/MLH1,14.13,200,0,0.0159
docker,concorrente,motor,1,/api/gene/MLH1,7.0,200,1,0.0071
docker,concorrente,motor,1,/api/gene/MLH1,6.87,200,2,0.0071
docker,concorrente,motor,5,/api/gene/MLH1,13.72,200,0,0.022
docker,concorrente,motor,5,/api/gene/HBB,20.7,200,0,0.022
docker,concorrente,motor,5,/api/gene/MSH2,21.5,200,0,0.022
docker,concorrente,motor,5,/api/variant/rs334,20.99,200,0,0.022
docker,concorrente,motor,5,/api/variant/rs1800562,20.94,200,0,0.022
docker,concorrente,motor,5,/api/gene/MLH1,19.15,200,1,0.0208
docker,concorrente,motor,5,/api/gene/HBB,20.14,200,1,0.0208
docker,concorrente,motor,5,/api/gene/MSH2,20.1,200,1,0.0208
docker,concorrente,motor,5,/api/variant/rs334,19.01,200,1,0.0208
docker,concorrente,motor,5,/api/variant/rs1800562,18.98,200,1,0.0208
docker,concorrente,motor,5,/api/gene/MLH1,18.92,200,2,0.0225
docker,concorrente,motor,5,/api/gene/HBB,21.27,200,2,0.0225
docker,concorrente,motor,5,/api/gene/MSH2,21.47,200,2,0.0225
docker,concorrente,motor,5,/api/variant/rs334,21.42,200,2,0.0225
docker,concorrente,motor,5,/api/variant/rs1800562,20.97,200,2,0.0225
docker,concorrente,motor,10,/api/gene/MLH1,15.03,200,0,0.0365
docker,concorrente,motor,10,/api/gene/HBB,17.98,200,0,0.0365
docker,concorrente,motor,10,/api/gene/MSH2,34.41,200,0,0.0365
docker,concorrente,motor,10,/api/variant/rs334,29.61,200,0,0.0365
docker,concorrente,motor,10,/api/variant/rs1800562,19.7,200,0,0.0365
docker,concorrente,motor,10,/api/variant/rs6025,30.82,200,0,0.0365
docker,concorrente,motor,10,/api/disease/anemia-falciforme,33.89,200,0,0.0365
docker,concorrente,motor,10,/api/disease/talassemia-beta,18.13,200,0,0.0365
docker,concorrente,motor,10,/api/panel/cancer-mama-ovario-hereditario,34.13,200,0,0.0365
docker,concorrente,motor,10,/api/panel/cancer-colorretal-hereditario,30.98,200,0,0.0365
docker,concorrente,motor,10,/api/gene/MLH1,29.1,200,1,0.0452
docker,concorrente,motor,10,/api/gene/HBB,31.67,200,1,0.0452
docker,concorrente,motor,10,/api/gene/MSH2,43.18,200,1,0.0452
docker,concorrente,motor,10,/api/variant/rs334,36.66,200,1,0.0452
docker,concorrente,motor,10,/api/variant/rs1800562,30.1,200,1,0.0452
docker,concorrente,motor,10,/api/variant/rs6025,36.15,200,1,0.0452
docker,concorrente,motor,10,/api/disease/anemia-falciforme,37.74,200,1,0.0452
docker,concorrente,motor,10,/api/disease/talassemia-beta,35.3,200,1,0.0452
docker,concorrente,motor,10,/api/panel/cancer-mama-ovario-hereditario,35.61,200,1,0.0452
docker,concorrente,motor,10,/api/panel/cancer-colorretal-hereditario,36.51,200,1,0.0452
docker,concorrente,motor,10,/api/gene/MLH1,26.2,200,2,0.0417
docker,concorrente,motor,10,/api/gene/HBB,28.69,200,2,0.0417
docker,concorrente,motor,10,/api/gene/MSH2,40.11,200,2,0.0417
docker,concorrente,motor,10,/api/variant/rs334,27.4,200,2,0.0417
docker,concorrente,motor,10,/api/variant/rs1800562,24.34,200,2,0.0417
docker,concorrente,motor,10,/api/variant/rs6025,26.96,200,2,0.0417
docker,concorrente,motor,10,/api/disease/anemia-falciforme,30.01,200,2,0.0417
docker,concorrente,motor,10,/api/disease/talassemia-beta,21.9,200,2,0.0417
docker,concorrente,motor,10,/api/panel/cancer-mama-ovario-hereditario,25.51,200,2,0.0417
docker,concorrente,motor,10,/api/panel/cancer-colorretal-hereditario,25.76,200,2,0.0417
docker,concorrente,motor,20,/api/gene/MLH1,26.83,200,0,0.0687
docker,concorrente,motor,20,/api/gene/HBB,27.82,200,0,0.0687
docker,concorrente,motor,20,/api/gene/MSH2,62.42,200,0,0.0687
docker,concorrente,motor,20,/api/variant/rs334,30.7,200,0,0.0687
docker,concorrente,motor,20,/api/variant/rs1800562,24.8,200,0,0.0687
docker,concorrente,motor,20,/api/variant/rs6025,59.41,200,0,0.0687
docker,concorrente,motor,20,/api/disease/anemia-falciforme,39.98,200,0,0.0687
docker,concorrente,motor,20,/api/disease/talassemia-beta,23.83,200,0,0.0687
docker,concorrente,motor,20,/api/panel/cancer-mama-ovario-hereditario,48.86,200,0,0.0687
docker,concorrente,motor,20,/api/panel/cancer-colorretal-hereditario,63.61,200,0,0.0687
docker,concorrente,motor,20,/api/gene/MLH1,43.72,200,0,0.0687
docker,concorrente,motor,20,/api/gene/HBB,61.64,200,0,0.0687
docker,concorrente,motor,20,/api/gene/MSH2,38.27,200,0,0.0687
docker,concorrente,motor,20,/api/variant/rs334,42.89,200,0,0.0687
docker,concorrente,motor,20,/api/variant/rs1800562,62.78,200,0,0.0687
docker,concorrente,motor,20,/api/variant/rs6025,36.45,200,0,0.0687
docker,concorrente,motor,20,/api/disease/anemia-falciforme,52.55,200,0,0.0687
docker,concorrente,motor,20,/api/disease/talassemia-beta,61.12,200,0,0.0687
docker,concorrente,motor,20,/api/panel/cancer-mama-ovario-hereditario,38.77,200,0,0.0687
docker,concorrente,motor,20,/api/panel/cancer-colorretal-hereditario,58.46,200,0,0.0687
docker,concorrente,motor,20,/api/gene/MLH1,28.49,200,1,0.0664
docker,concorrente,motor,20,/api/gene/HBB,29.88,200,1,0.0664
docker,concorrente,motor,20,/api/gene/MSH2,57.5,200,1,0.0664
docker,concorrente,motor,20,/api/variant/rs334,30.28,200,1,0.0664
docker,concorrente,motor,20,/api/variant/rs1800562,25.33,200,1,0.0664
docker,concorrente,motor,20,/api/variant/rs6025,52.68,200,1,0.0664
docker,concorrente,motor,20,/api/disease/anemia-falciforme,35.34,200,1,0.0664
docker,concorrente,motor,20,/api/disease/talassemia-beta,24.65,200,1,0.0664
docker,concorrente,motor,20,/api/panel/cancer-mama-ovario-hereditario,46.82,200,1,0.0664
docker,concorrente,motor,20,/api/panel/cancer-colorretal-hereditario,62.34,200,1,0.0664
docker,concorrente,motor,20,/api/gene/MLH1,60.82,200,1,0.0664
docker,concorrente,motor,20,/api/gene/HBB,46.97,200,1,0.0664
docker,concorrente,motor,20,/api/gene/MSH2,34.34,200,1,0.0664
docker,concorrente,motor,20,/api/variant/rs334,39.12,200,1,0.0664
docker,concorrente,motor,20,/api/variant/rs1800562,55.25,200,1,0.0664
docker,concorrente,motor,20,/api/variant/rs6025,59.91,200,1,0.0664
docker,concorrente,motor,20,/api/disease/anemia-falciforme,33.46,200,1,0.0664
docker,concorrente,motor,20,/api/disease/talassemia-beta,59.64,200,1,0.0664
docker,concorrente,motor,20,/api/panel/cancer-mama-ovario-hereditario,57.49,200,1,0.0664
docker,concorrente,motor,20,/api/panel/cancer-colorretal-hereditario,55.08,200,1,0.0664
docker,concorrente,motor,20,/api/gene/MLH1,41.89,200,2,0.0936
docker,concorrente,motor,20,/api/gene/HBB,40.5,200,2,0.0936
docker,concorrente,motor,20,/api/gene/MSH2,75.9,200,2,0.0936
docker,concorrente,motor,20,/api/variant/rs334,42.66,200,2,0.0936
docker,concorrente,motor,20,/api/variant/rs1800562,34.46,200,2,0.0936
docker,concorrente,motor,20,/api/variant/rs6025,83.22,200,2,0.0936
docker,concorrente,motor,20,/api/disease/anemia-falciforme,91.08,200,2,0.0936
docker,concorrente,motor,20,/api/disease/talassemia-beta,37.19,200,2,0.0936
docker,concorrente,motor,20,/api/panel/cancer-mama-ovario-hereditario,63.72,200,2,0.0936
docker,concorrente,motor,20,/api/panel/cancer-colorretal-hereditario,62.58,200,2,0.0936
docker,concorrente,motor,20,/api/gene/MLH1,88.46,200,2,0.0936
docker,concorrente,motor,20,/api/gene/HBB,82.11,200,2,0.0936
docker,concorrente,motor,20,/api/gene/MSH2,67.63,200,2,0.0936
docker,concorrente,motor,20,/api/variant/rs334,61.42,200,2,0.0936
docker,concorrente,motor,20,/api/variant/rs1800562,81.49,200,2,0.0936
docker,concorrente,motor,20,/api/variant/rs6025,61.66,200,2,0.0936
docker,concorrente,motor,20,/api/disease/anemia-falciforme,86.98,200,2,0.0936
docker,concorrente,motor,20,/api/disease/talassemia-beta,73.79,200,2,0.0936
docker,concorrente,motor,20,/api/panel/cancer-mama-ovario-hereditario,62.56,200,2,0.0936
docker,concorrente,motor,20,/api/panel/cancer-colorretal-hereditario,68.49,200,2,0.0936
docker,concorrente,motor,40,/api/gene/MLH1,45.78,200,0,0.2184
docker,concorrente,motor,40,/api/gene/HBB,47.04,200,0,0.2184
docker,concorrente,motor,40,/api/gene/MSH2,88.34,200,0,0.2184
docker,concorrente,motor,40,/api/variant/rs334,46.32,200,0,0.2184
docker,concorrente,motor,40,/api/variant/rs1800562,40.56,200,0,0.2184
docker,concorrente,motor,40,/api/variant/rs6025,114.01,200,0,0.2184
docker,concorrente,motor,40,/api/disease/anemia-falciforme,50.92,200,0,0.2184
docker,concorrente,motor,40,/api/disease/talassemia-beta,38.84,200,0,0.2184
docker,concorrente,motor,40,/api/panel/cancer-mama-ovario-hereditario,103.84,200,0,0.2184
docker,concorrente,motor,40,/api/panel/cancer-colorretal-hereditario,101.8,200,0,0.2184
docker,concorrente,motor,40,/api/gene/MLH1,124.36,200,0,0.2184
docker,concorrente,motor,40,/api/gene/HBB,65.71,200,0,0.2184
docker,concorrente,motor,40,/api/gene/MSH2,45.97,200,0,0.2184
docker,concorrente,motor,40,/api/variant/rs334,52.59,200,0,0.2184
docker,concorrente,motor,40,/api/variant/rs1800562,205.04,200,0,0.2184
docker,concorrente,motor,40,/api/variant/rs6025,204.17,200,0,0.2184
docker,concorrente,motor,40,/api/disease/anemia-falciforme,44.88,200,0,0.2184
docker,concorrente,motor,40,/api/disease/talassemia-beta,75.53,200,0,0.2184
docker,concorrente,motor,40,/api/panel/cancer-mama-ovario-hereditario,73.1,200,0,0.2184
docker,concorrente,motor,40,/api/panel/cancer-colorretal-hereditario,203.79,200,0,0.2184
docker,concorrente,motor,40,/api/gene/MLH1,199.35,200,0,0.2184
docker,concorrente,motor,40,/api/gene/HBB,75.86,200,0,0.2184
docker,concorrente,motor,40,/api/gene/MSH2,75.97,200,0,0.2184
docker,concorrente,motor,40,/api/variant/rs334,77.1,200,0,0.2184
docker,concorrente,motor,40,/api/variant/rs1800562,73.09,200,0,0.2184
docker,concorrente,motor,40,/api/variant/rs6025,100.21,200,0,0.2184
docker,concorrente,motor,40,/api/disease/anemia-falciforme,91.93,200,0,0.2184
docker,concorrente,motor,40,/api/disease/talassemia-beta,89.04,200,0,0.2184
docker,concorrente,motor,40,/api/panel/cancer-mama-ovario-hereditario,80.72,200,0,0.2184
docker,concorrente,motor,40,/api/panel/cancer-colorretal-hereditario,71.85,200,0,0.2184
docker,concorrente,motor,40,/api/gene/MLH1,200.06,200,0,0.2184
docker,concorrente,motor,40,/api/gene/HBB,89.54,200,0,0.2184
docker,concorrente,motor,40,/api/gene/MSH2,194.38,200,0,0.2184
docker,concorrente,motor,40,/api/variant/rs334,196.36,200,0,0.2184
docker,concorrente,motor,40,/api/variant/rs1800562,197.2,200,0,0.2184
docker,concorrente,motor,40,/api/variant/rs6025,197.01,200,0,0.2184
docker,concorrente,motor,40,/api/disease/anemia-falciforme,83.59,200,0,0.2184
docker,concorrente,motor,40,/api/disease/talassemia-beta,196.53,200,0,0.2184
docker,concorrente,motor,40,/api/panel/cancer-mama-ovario-hereditario,85.49,200,0,0.2184
docker,concorrente,motor,40,/api/panel/cancer-colorretal-hereditario,91.64,200,0,0.2184
docker,concorrente,motor,40,/api/gene/MLH1,41.29,200,1,0.1478
docker,concorrente,motor,40,/api/gene/HBB,42.89,200,1,0.1478
docker,concorrente,motor,40,/api/gene/MSH2,86.31,200,1,0.1478
docker,concorrente,motor,40,/api/variant/rs334,43.58,200,1,0.1478
docker,concorrente,motor,40,/api/variant/rs1800562,37.92,200,1,0.1478
docker,concorrente,motor,40,/api/variant/rs6025,115.43,200,1,0.1478
docker,concorrente,motor,40,/api/disease/anemia-falciforme,49.12,200,1,0.1478
docker,concorrente,motor,40,/api/disease/talassemia-beta,37.25,200,1,0.1478
docker,concorrente,motor,40,/api/panel/cancer-mama-ovario-hereditario,112.27,200,1,0.1478
docker,concorrente,motor,40,/api/panel/cancer-colorretal-hereditario,118.26,200,1,0.1478
docker,concorrente,motor,40,/api/gene/MLH1,142.08,200,1,0.1478
docker,concorrente,motor,40,/api/gene/HBB,66.75,200,1,0.1478
docker,concorrente,motor,40,/api/gene/MSH2,45.77,200,1,0.1478
docker,concorrente,motor,40,/api/variant/rs334,51.36,200,1,0.1478
docker,concorrente,motor,40,/api/variant/rs1800562,121.21,200,1,0.1478
docker,concorrente,motor,40,/api/variant/rs6025,125.74,200,1,0.1478
docker,concorrente,motor,40,/api/disease/anemia-falciforme,44.59,200,1,0.1478
docker,concorrente,motor,40,/api/disease/talassemia-beta,76.07,200,1,0.1478
docker,concorrente,motor,40,/api/panel/cancer-mama-ovario-hereditario,76.05,200,1,0.1478
docker,concorrente,motor,40,/api/panel/cancer-colorretal-hereditario,114.66,200,1,0.1478
docker,concorrente,motor,40,/api/gene/MLH1,110.52,200,1,0.1478
docker,concorrente,motor,40,/api/gene/HBB,76.72,200,1,0.1478
docker,concorrente,motor,40,/api/gene/MSH2,75.55,200,1,0.1478
docker,concorrente,motor,40,/api/variant/rs334,136.15,200,1,0.1478
docker,concorrente,motor,40,/api/variant/rs1800562,74.3,200,1,0.1478
docker,concorrente,motor,40,/api/variant/rs6025,108.37,200,1,0.1478
docker,concorrente,motor,40,/api/disease/anemia-falciforme,118.5,200,1,0.1478
docker,concorrente,motor,40,/api/disease/talassemia-beta,79.91,200,1,0.1478
docker,concorrente,motor,40,/api/panel/cancer-mama-ovario-hereditario,114.41,200,1,0.1478
docker,concorrente,motor,40,/api/panel/cancer-colorretal-hereditario,76.04,200,1,0.1478
docker,concorrente,motor,40,/api/gene/MLH1,134.04,200,1,0.1478
docker,concorrente,motor,40,/api/gene/HBB,80.29,200,1,0.1478
docker,concorrente,motor,40,/api/gene/MSH2,97.8,200,1,0.1478
docker,concorrente,motor,40,/api/variant/rs334,132.21,200,1,0.1478
docker,concorrente,motor,40,/api/variant/rs1800562,115.29,200,1,0.1478
docker,concorrente,motor,40,/api/variant/rs6025,98.69,200,1,0.1478
docker,concorrente,motor,40,/api/disease/anemia-falciforme,79.85,200,1,0.1478
docker,concorrente,motor,40,/api/disease/talassemia-beta,101.26,200,1,0.1478
docker,concorrente,motor,40,/api/panel/cancer-mama-ovario-hereditario,86.7,200,1,0.1478
docker,concorrente,motor,40,/api/panel/cancer-colorretal-hereditario,117.0,200,1,0.1478
docker,concorrente,motor,40,/api/gene/MLH1,35.24,200,2,0.1705
docker,concorrente,motor,40,/api/gene/HBB,36.23,200,2,0.1705
docker,concorrente,motor,40,/api/gene/MSH2,97.74,200,2,0.1705
docker,concorrente,motor,40,/api/variant/rs334,39.56,200,2,0.1705
docker,concorrente,motor,40,/api/variant/rs1800562,31.92,200,2,0.1705
docker,concorrente,motor,40,/api/variant/rs6025,166.86,200,2,0.1705
docker,concorrente,motor,40,/api/disease/anemia-falciforme,58.79,200,2,0.1705
docker,concorrente,motor,40,/api/disease/talassemia-beta,31.94,200,2,0.1705
docker,concorrente,motor,40,/api/panel/cancer-mama-ovario-hereditario,162.83,200,2,0.1705
docker,concorrente,motor,40,/api/panel/cancer-colorretal-hereditario,106.41,200,2,0.1705
docker,concorrente,motor,40,/api/gene/MLH1,56.77,200,2,0.1705
docker,concorrente,motor,40,/api/gene/HBB,165.35,200,2,0.1705
docker,concorrente,motor,40,/api/gene/MSH2,46.82,200,2,0.1705
docker,concorrente,motor,40,/api/variant/rs334,164.11,200,2,0.1705
docker,concorrente,motor,40,/api/variant/rs1800562,43.63,200,2,0.1705
docker,concorrente,motor,40,/api/variant/rs6025,45.91,200,2,0.1705
docker,concorrente,motor,40,/api/disease/anemia-falciforme,64.16,200,2,0.1705
docker,concorrente,motor,40,/api/disease/talassemia-beta,158.81,200,2,0.1705
docker,concorrente,motor,40,/api/panel/cancer-mama-ovario-hereditario,51.47,200,2,0.1705
docker,concorrente,motor,40,/api/panel/cancer-colorretal-hereditario,158.27,200,2,0.1705
docker,concorrente,motor,40,/api/gene/MLH1,147.21,200,2,0.1705
docker,concorrente,motor,40,/api/gene/HBB,161.97,200,2,0.1705
docker,concorrente,motor,40,/api/gene/MSH2,64.34,200,2,0.1705
docker,concorrente,motor,40,/api/variant/rs334,59.71,200,2,0.1705
docker,concorrente,motor,40,/api/variant/rs1800562,101.76,200,2,0.1705
docker,concorrente,motor,40,/api/variant/rs6025,85.7,200,2,0.1705
docker,concorrente,motor,40,/api/disease/anemia-falciforme,63.25,200,2,0.1705
docker,concorrente,motor,40,/api/disease/talassemia-beta,67.6,200,2,0.1705
docker,concorrente,motor,40,/api/panel/cancer-mama-ovario-hereditario,89.72,200,2,0.1705
docker,concorrente,motor,40,/api/panel/cancer-colorretal-hereditario,155.1,200,2,0.1705
docker,concorrente,motor,40,/api/gene/MLH1,87.73,200,2,0.1705
docker,concorrente,motor,40,/api/gene/HBB,155.51,200,2,0.1705
docker,concorrente,motor,40,/api/gene/MSH2,87.83,200,2,0.1705
docker,concorrente,motor,40,/api/variant/rs334,154.08,200,2,0.1705
docker,concorrente,motor,40,/api/variant/rs1800562,85.52,200,2,0.1705
docker,concorrente,motor,40,/api/variant/rs6025,153.56,200,2,0.1705
docker,concorrente,motor,40,/api/disease/anemia-falciforme,91.41,200,2,0.1705
docker,concorrente,motor,40,/api/disease/talassemia-beta,151.7,200,2,0.1705
docker,concorrente,motor,40,/api/panel/cancer-mama-ovario-hereditario,151.83,200,2,0.1705
docker,concorrente,motor,40,/api/panel/cancer-colorretal-hereditario,86.47,200,2,0.1705
docker,concorrente,motor,80,/api/gene/MLH1,57.64,200,0,0.3543
docker,concorrente,motor,80,/api/gene/HBB,58.7,200,0,0.3543
docker,concorrente,motor,80,/api/gene/MSH2,137.59,200,0,0.3543
docker,concorrente,motor,80,/api/variant/rs334,62.22,200,0,0.3543
docker,concorrente,motor,80,/api/variant/rs1800562,53.77,200,0,0.3543
docker,concorrente,motor,80,/api/variant/rs6025,323.03,200,0,0.3543
docker,concorrente,motor,80,/api/disease/anemia-falciforme,90.87,200,0,0.3543
docker,concorrente,motor,80,/api/disease/talassemia-beta,53.86,200,0,0.3543
docker,concorrente,motor,80,/api/panel/cancer-mama-ovario-hereditario,311.43,200,0,0.3543
docker,concorrente,motor,80,/api/panel/cancer-colorretal-hereditario,349.04,200,0,0.3543
docker,concorrente,motor,80,/api/gene/MLH1,87.88,200,0,0.3543
docker,concorrente,motor,80,/api/gene/HBB,348.94,200,0,0.3543
docker,concorrente,motor,80,/api/gene/MSH2,73.37,200,0,0.3543
docker,concorrente,motor,80,/api/variant/rs334,342.1,200,0,0.3543
docker,concorrente,motor,80,/api/variant/rs1800562,68.75,200,0,0.3543
docker,concorrente,motor,80,/api/variant/rs6025,72.79,200,0,0.3543
docker,concorrente,motor,80,/api/disease/anemia-falciforme,97.77,200,0,0.3543
docker,concorrente,motor,80,/api/disease/talassemia-beta,137.95,200,0,0.3543
docker,concorrente,motor,80,/api/panel/cancer-mama-ovario-hereditario,81.6,200,0,0.3543
docker,concorrente,motor,80,/api/panel/cancer-colorretal-hereditario,342.98,200,0,0.3543
docker,concorrente,motor,80,/api/gene/MLH1,341.68,200,0,0.3543
docker,concorrente,motor,80,/api/gene/HBB,296.43,200,0,0.3543
docker,concorrente,motor,80,/api/gene/MSH2,95.82,200,0,0.3543
docker,concorrente,motor,80,/api/variant/rs334,96.21,200,0,0.3543
docker,concorrente,motor,80,/api/variant/rs1800562,333.66,200,0,0.3543
docker,concorrente,motor,80,/api/variant/rs6025,123.79,200,0,0.3543
docker,concorrente,motor,80,/api/disease/anemia-falciforme,99.94,200,0,0.3543
docker,concorrente,motor,80,/api/disease/talassemia-beta,101.93,200,0,0.3543
docker,concorrente,motor,80,/api/panel/cancer-mama-ovario-hereditario,173.82,200,0,0.3543
docker,concorrente,motor,80,/api/panel/cancer-colorretal-hereditario,126.18,200,0,0.3543
docker,concorrente,motor,80,/api/gene/MLH1,165.45,200,0,0.3543
docker,concorrente,motor,80,/api/gene/HBB,285.14,200,0,0.3543
docker,concorrente,motor,80,/api/gene/MSH2,138.57,200,0,0.3543
docker,concorrente,motor,80,/api/variant/rs334,193.99,200,0,0.3543
docker,concorrente,motor,80,/api/variant/rs1800562,124.59,200,0,0.3543
docker,concorrente,motor,80,/api/variant/rs6025,158.07,200,0,0.3543
docker,concorrente,motor,80,/api/disease/anemia-falciforme,141.93,200,0,0.3543
docker,concorrente,motor,80,/api/disease/talassemia-beta,159.55,200,0,0.3543
docker,concorrente,motor,80,/api/panel/cancer-mama-ovario-hereditario,309.65,200,0,0.3543
docker,concorrente,motor,80,/api/panel/cancer-colorretal-hereditario,134.08,200,0,0.3543
docker,concorrente,motor,80,/api/gene/MLH1,193.15,200,0,0.3543
docker,concorrente,motor,80,/api/gene/HBB,193.0,200,0,0.3543
docker,concorrente,motor,80,/api/gene/MSH2,151.42,200,0,0.3543
docker,concorrente,motor,80,/api/variant/rs334,154.1,200,0,0.3543
docker,concorrente,motor,80,/api/variant/rs1800562,157.98,200,0,0.3543
docker,concorrente,motor,80,/api/variant/rs6025,318.45,200,0,0.3543
docker,concorrente,motor,80,/api/disease/anemia-falciforme,193.19,200,0,0.3543
docker,concorrente,motor,80,/api/disease/talassemia-beta,166.46,200,0,0.3543
docker,concorrente,motor,80,/api/panel/cancer-mama-ovario-hereditario,187.44,200,0,0.3543
docker,concorrente,motor,80,/api/panel/cancer-colorretal-hereditario,170.64,200,0,0.3543
docker,concorrente,motor,80,/api/gene/MLH1,307.68,200,0,0.3543
docker,concorrente,motor,80,/api/gene/HBB,210.97,200,0,0.3543
docker,concorrente,motor,80,/api/gene/MSH2,173.79,200,0,0.3543
docker,concorrente,motor,80,/api/variant/rs334,168.4,200,0,0.3543
docker,concorrente,motor,80,/api/variant/rs1800562,169.77,200,0,0.3543
docker,concorrente,motor,80,/api/variant/rs6025,327.58,200,0,0.3543
docker,concorrente,motor,80,/api/disease/anemia-falciforme,289.19,200,0,0.3543
docker,concorrente,motor,80,/api/disease/talassemia-beta,205.22,200,0,0.3543
docker,concorrente,motor,80,/api/panel/cancer-mama-ovario-hereditario,323.24,200,0,0.3543
docker,concorrente,motor,80,/api/panel/cancer-colorretal-hereditario,194.46,200,0,0.3543
docker,concorrente,motor,80,/api/gene/MLH1,274.02,200,0,0.3543
docker,concorrente,motor,80,/api/gene/HBB,279.45,200,0,0.3543
docker,concorrente,motor,80,/api/gene/MSH2,257.82,200,0,0.3543
docker,concorrente,motor,80,/api/variant/rs334,299.89,200,0,0.3543
docker,concorrente,motor,80,/api/variant/rs1800562,189.94,200,0,0.3543
docker,concorrente,motor,80,/api/variant/rs6025,302.15,200,0,0.3543
docker,concorrente,motor,80,/api/disease/anemia-falciforme,291.85,200,0,0.3543
docker,concorrente,motor,80,/api/disease/talassemia-beta,201.98,200,0,0.3543
docker,concorrente,motor,80,/api/panel/cancer-mama-ovario-hereditario,316.57,200,0,0.3543
docker,concorrente,motor,80,/api/panel/cancer-colorretal-hereditario,281.21,200,0,0.3543
docker,concorrente,motor,80,/api/gene/MLH1,276.27,200,0,0.3543
docker,concorrente,motor,80,/api/gene/HBB,291.27,200,0,0.3543
docker,concorrente,motor,80,/api/gene/MSH2,267.39,200,0,0.3543
docker,concorrente,motor,80,/api/variant/rs334,278.06,200,0,0.3543
docker,concorrente,motor,80,/api/variant/rs1800562,303.81,200,0,0.3543
docker,concorrente,motor,80,/api/variant/rs6025,281.95,200,0,0.3543
docker,concorrente,motor,80,/api/disease/anemia-falciforme,300.5,200,0,0.3543
docker,concorrente,motor,80,/api/disease/talassemia-beta,278.14,200,0,0.3543
docker,concorrente,motor,80,/api/panel/cancer-mama-ovario-hereditario,281.35,200,0,0.3543
docker,concorrente,motor,80,/api/panel/cancer-colorretal-hereditario,284.3,200,0,0.3543
docker,concorrente,motor,80,/api/gene/MLH1,96.91,200,1,0.5507
docker,concorrente,motor,80,/api/gene/HBB,104.53,200,1,0.5507
docker,concorrente,motor,80,/api/gene/MSH2,547.51,200,1,0.5507
docker,concorrente,motor,80,/api/variant/rs334,119.05,200,1,0.5507
docker,concorrente,motor,80,/api/variant/rs1800562,97.53,200,1,0.5507
docker,concorrente,motor,80,/api/variant/rs6025,138.08,200,1,0.5507
docker,concorrente,motor,80,/api/disease/anemia-falciforme,462.96,200,1,0.5507
docker,concorrente,motor,80,/api/disease/talassemia-beta,107.11,200,1,0.5507
docker,concorrente,motor,80,/api/panel/cancer-mama-ovario-hereditario,487.69,200,1,0.5507
docker,concorrente,motor,80,/api/panel/cancer-colorretal-hereditario,169.73,200,1,0.5507
docker,concorrente,motor,80,/api/gene/MLH1,125.4,200,1,0.5507
docker,concorrente,motor,80,/api/gene/HBB,131.14,200,1,0.5507
docker,concorrente,motor,80,/api/gene/MSH2,133.56,200,1,0.5507
docker,concorrente,motor,80,/api/variant/rs334,150.9,200,1,0.5507
docker,concorrente,motor,80,/api/variant/rs1800562,183.58,200,1,0.5507
docker,concorrente,motor,80,/api/variant/rs6025,272.27,200,1,0.5507
docker,concorrente,motor,80,/api/disease/anemia-falciforme,529.3,200,1,0.5507
docker,concorrente,motor,80,/api/disease/talassemia-beta,134.41,200,1,0.5507
docker,concorrente,motor,80,/api/panel/cancer-mama-ovario-hereditario,163.89,200,1,0.5507
docker,concorrente,motor,80,/api/panel/cancer-colorretal-hereditario,142.3,200,1,0.5507
docker,concorrente,motor,80,/api/gene/MLH1,252.23,200,1,0.5507
docker,concorrente,motor,80,/api/gene/HBB,157.56,200,1,0.5507
docker,concorrente,motor,80,/api/gene/MSH2,164.05,200,1,0.5507
docker,concorrente,motor,80,/api/variant/rs334,169.52,200,1,0.5507
docker,concorrente,motor,80,/api/variant/rs1800562,443.63,200,1,0.5507
docker,concorrente,motor,80,/api/variant/rs6025,204.95,200,1,0.5507
docker,concorrente,motor,80,/api/disease/anemia-falciforme,169.31,200,1,0.5507
docker,concorrente,motor,80,/api/disease/talassemia-beta,498.12,200,1,0.5507
docker,concorrente,motor,80,/api/panel/cancer-mama-ovario-hereditario,189.65,200,1,0.5507
docker,concorrente,motor,80,/api/panel/cancer-colorretal-hereditario,350.84,200,1,0.5507
docker,concorrente,motor,80,/api/gene/MLH1,187.1,200,1,0.5507
docker,concorrente,motor,80,/api/gene/HBB,510.18,200,1,0.5507
docker,concorrente,motor,80,/api/gene/MSH2,192.05,200,1,0.5507
docker,concorrente,motor,80,/api/variant/rs334,235.24,200,1,0.5507
docker,concorrente,motor,80,/api/variant/rs1800562,197.66,200,1,0.5507
docker,concorrente,motor,80,/api/variant/rs6025,412.94,200,1,0.5507
docker,concorrente,motor,80,/api/disease/anemia-falciforme,222.08,200,1,0.5507
docker,concorrente,motor,80,/api/disease/talassemia-beta,201.01,200,1,0.5507
docker,concorrente,motor,80,/api/panel/cancer-mama-ovario-hereditario,261.5,200,1,0.5507
docker,concorrente,motor,80,/api/panel/cancer-colorretal-hereditario,208.46,200,1,0.5507
docker,concorrente,motor,80,/api/gene/MLH1,471.22,200,1,0.5507
docker,concorrente,motor,80,/api/gene/HBB,223.05,200,1,0.5507
docker,concorrente,motor,80,/api/gene/MSH2,345.02,200,1,0.5507
docker,concorrente,motor,80,/api/variant/rs334,232.42,200,1,0.5507
docker,concorrente,motor,80,/api/variant/rs1800562,309.52,200,1,0.5507
docker,concorrente,motor,80,/api/variant/rs6025,508.85,200,1,0.5507
docker,concorrente,motor,80,/api/disease/anemia-falciforme,232.18,200,1,0.5507
docker,concorrente,motor,80,/api/disease/talassemia-beta,253.95,200,1,0.5507
docker,concorrente,motor,80,/api/panel/cancer-mama-ovario-hereditario,470.1,200,1,0.5507
docker,concorrente,motor,80,/api/panel/cancer-colorretal-hereditario,437.77,200,1,0.5507
docker,concorrente,motor,80,/api/gene/MLH1,255.17,200,1,0.5507
docker,concorrente,motor,80,/api/gene/HBB,292.61,200,1,0.5507
docker,concorrente,motor,80,/api/gene/MSH2,336.62,200,1,0.5507
docker,concorrente,motor,80,/api/variant/rs334,272.51,200,1,0.5507
docker,concorrente,motor,80,/api/variant/rs1800562,258.4,200,1,0.5507
docker,concorrente,motor,80,/api/variant/rs6025,267.77,200,1,0.5507
docker,concorrente,motor,80,/api/disease/anemia-falciforme,325.53,200,1,0.5507
docker,concorrente,motor,80,/api/disease/talassemia-beta,468.33,200,1,0.5507
docker,concorrente,motor,80,/api/panel/cancer-mama-ovario-hereditario,272.77,200,1,0.5507
docker,concorrente,motor,80,/api/panel/cancer-colorretal-hereditario,280.5,200,1,0.5507
docker,concorrente,motor,80,/api/gene/MLH1,436.84,200,1,0.5507
docker,concorrente,motor,80,/api/gene/HBB,394.02,200,1,0.5507
docker,concorrente,motor,80,/api/gene/MSH2,489.38,200,1,0.5507
docker,concorrente,motor,80,/api/variant/rs334,471.83,200,1,0.5507
docker,concorrente,motor,80,/api/variant/rs1800562,349.46,200,1,0.5507
docker,concorrente,motor,80,/api/variant/rs6025,347.75,200,1,0.5507
docker,concorrente,motor,80,/api/disease/anemia-falciforme,332.7,200,1,0.5507
docker,concorrente,motor,80,/api/disease/talassemia-beta,447.35,200,1,0.5507
docker,concorrente,motor,80,/api/panel/cancer-mama-ovario-hereditario,319.84,200,1,0.5507
docker,concorrente,motor,80,/api/panel/cancer-colorretal-hereditario,464.62,200,1,0.5507
docker,concorrente,motor,80,/api/gene/MLH1,437.88,200,1,0.5507
docker,concorrente,motor,80,/api/gene/HBB,378.3,200,1,0.5507
docker,concorrente,motor,80,/api/gene/MSH2,362.07,200,1,0.5507
docker,concorrente,motor,80,/api/variant/rs334,334.19,200,1,0.5507
docker,concorrente,motor,80,/api/variant/rs1800562,342.01,200,1,0.5507
docker,concorrente,motor,80,/api/variant/rs6025,386.5,200,1,0.5507
docker,concorrente,motor,80,/api/disease/anemia-falciforme,349.01,200,1,0.5507
docker,concorrente,motor,80,/api/disease/talassemia-beta,435.72,200,1,0.5507
docker,concorrente,motor,80,/api/panel/cancer-mama-ovario-hereditario,415.78,200,1,0.5507
docker,concorrente,motor,80,/api/panel/cancer-colorretal-hereditario,401.63,200,1,0.5507
docker,concorrente,motor,80,/api/gene/MLH1,96.02,200,2,0.6103
docker,concorrente,motor,80,/api/gene/HBB,99.48,200,2,0.6103
docker,concorrente,motor,80,/api/gene/MSH2,528.19,200,2,0.6103
docker,concorrente,motor,80,/api/variant/rs334,116.4,200,2,0.6103
docker,concorrente,motor,80,/api/variant/rs1800562,97.47,200,2,0.6103
docker,concorrente,motor,80,/api/variant/rs6025,163.76,200,2,0.6103
docker,concorrente,motor,80,/api/disease/anemia-falciforme,557.52,200,2,0.6103
docker,concorrente,motor,80,/api/disease/talassemia-beta,104.63,200,2,0.6103
docker,concorrente,motor,80,/api/panel/cancer-mama-ovario-hereditario,188.75,200,2,0.6103
docker,concorrente,motor,80,/api/panel/cancer-colorretal-hereditario,136.49,200,2,0.6103
docker,concorrente,motor,80,/api/gene/MLH1,118.82,200,2,0.6103
docker,concorrente,motor,80,/api/gene/HBB,122.89,200,2,0.6103
docker,concorrente,motor,80,/api/gene/MSH2,496.3,200,2,0.6103
docker,concorrente,motor,80,/api/variant/rs334,151.47,200,2,0.6103
docker,concorrente,motor,80,/api/variant/rs1800562,122.47,200,2,0.6103
docker,concorrente,motor,80,/api/variant/rs6025,217.81,200,2,0.6103
docker,concorrente,motor,80,/api/disease/anemia-falciforme,138.32,200,2,0.6103
docker,concorrente,motor,80,/api/disease/talassemia-beta,461.56,200,2,0.6103
docker,concorrente,motor,80,/api/panel/cancer-mama-ovario-hereditario,585.32,200,2,0.6103
docker,concorrente,motor,80,/api/panel/cancer-colorretal-hereditario,136.56,200,2,0.6103
docker,concorrente,motor,80,/api/gene/MLH1,151.68,200,2,0.6103
docker,concorrente,motor,80,/api/gene/HBB,194.09,200,2,0.6103
docker,concorrente,motor,80,/api/gene/MSH2,574.41,200,2,0.6103
docker,concorrente,motor,80,/api/variant/rs334,550.47,200,2,0.6103
docker,concorrente,motor,80,/api/variant/rs1800562,498.32,200,2,0.6103
docker,concorrente,motor,80,/api/variant/rs6025,157.6,200,2,0.6103
docker,concorrente,motor,80,/api/disease/anemia-falciforme,174.35,200,2,0.6103
docker,concorrente,motor,80,/api/disease/talassemia-beta,236.7,200,2,0.6103
docker,concorrente,motor,80,/api/panel/cancer-mama-ovario-hereditario,182.21,200,2,0.6103
docker,concorrente,motor,80,/api/panel/cancer-colorretal-hereditario,188.52,200,2,0.6103
docker,concorrente,motor,80,/api/gene/MLH1,429.88,200,2,0.6103
docker,concorrente,motor,80,/api/gene/HBB,222.55,200,2,0.6103
docker,concorrente,motor,80,/api/gene/MSH2,259.69,200,2,0.6103
docker,concorrente,motor,80,/api/variant/rs334,376.78,200,2,0.6103
docker,concorrente,motor,80,/api/variant/rs1800562,217.28,200,2,0.6103
docker,concorrente,motor,80,/api/variant/rs6025,215.36,200,2,0.6103
docker,concorrente,motor,80,/api/disease/anemia-falciforme,220.57,200,2,0.6103
docker,concorrente,motor,80,/api/disease/talassemia-beta,248.33,200,2,0.6103
docker,concorrente,motor,80,/api/panel/cancer-mama-ovario-hereditario,519.24,200,2,0.6103
docker,concorrente,motor,80,/api/panel/cancer-colorretal-hereditario,280.35,200,2,0.6103
docker,concorrente,motor,80,/api/gene/MLH1,509.67,200,2,0.6103
docker,concorrente,motor,80,/api/gene/HBB,240.76,200,2,0.6103
docker,concorrente,motor,80,/api/gene/MSH2,564.34,200,2,0.6103
docker,concorrente,motor,80,/api/variant/rs334,249.47,200,2,0.6103
docker,concorrente,motor,80,/api/variant/rs1800562,565.88,200,2,0.6103
docker,concorrente,motor,80,/api/variant/rs6025,262.98,200,2,0.6103
docker,concorrente,motor,80,/api/disease/anemia-falciforme,247.61,200,2,0.6103
docker,concorrente,motor,80,/api/disease/talassemia-beta,561.37,200,2,0.6103
docker,concorrente,motor,80,/api/panel/cancer-mama-ovario-hereditario,385.25,200,2,0.6103
docker,concorrente,motor,80,/api/panel/cancer-colorretal-hereditario,412.09,200,2,0.6103
docker,concorrente,motor,80,/api/gene/MLH1,319.21,200,2,0.6103
docker,concorrente,motor,80,/api/gene/HBB,278.76,200,2,0.6103
docker,concorrente,motor,80,/api/gene/MSH2,365.65,200,2,0.6103
docker,concorrente,motor,80,/api/variant/rs334,302.32,200,2,0.6103
docker,concorrente,motor,80,/api/variant/rs1800562,444.34,200,2,0.6103
docker,concorrente,motor,80,/api/variant/rs6025,557.53,200,2,0.6103
docker,concorrente,motor,80,/api/disease/anemia-falciforme,307.16,200,2,0.6103
docker,concorrente,motor,80,/api/disease/talassemia-beta,389.86,200,2,0.6103
docker,concorrente,motor,80,/api/panel/cancer-mama-ovario-hereditario,304.64,200,2,0.6103
docker,concorrente,motor,80,/api/panel/cancer-colorretal-hereditario,321.74,200,2,0.6103
docker,concorrente,motor,80,/api/gene/MLH1,323.19,200,2,0.6103
docker,concorrente,motor,80,/api/gene/HBB,339.51,200,2,0.6103
docker,concorrente,motor,80,/api/gene/MSH2,460.92,200,2,0.6103
docker,concorrente,motor,80,/api/variant/rs334,359.54,200,2,0.6103
docker,concorrente,motor,80,/api/variant/rs1800562,348.35,200,2,0.6103
docker,concorrente,motor,80,/api/variant/rs6025,330.22,200,2,0.6103
docker,concorrente,motor,80,/api/disease/anemia-falciforme,399.83,200,2,0.6103
docker,concorrente,motor,80,/api/disease/talassemia-beta,387.12,200,2,0.6103
docker,concorrente,motor,80,/api/panel/cancer-mama-ovario-hereditario,516.42,200,2,0.6103
docker,concorrente,motor,80,/api/panel/cancer-colorretal-hereditario,508.3,200,2,0.6103
docker,concorrente,motor,80,/api/gene/MLH1,358.16,200,2,0.6103
docker,concorrente,motor,80,/api/gene/HBB,538.49,200,2,0.6103
docker,concorrente,motor,80,/api/gene/MSH2,415.0,200,2,0.6103
docker,concorrente,motor,80,/api/variant/rs334,482.96,200,2,0.6103
docker,concorrente,motor,80,/api/variant/rs1800562,541.2,200,2,0.6103
docker,concorrente,motor,80,/api/variant/rs6025,497.61,200,2,0.6103
docker,concorrente,motor,80,/api/disease/anemia-falciforme,403.36,200,2,0.6103
docker,concorrente,motor,80,/api/disease/talassemia-beta,509.98,200,2,0.6103
docker,concorrente,motor,80,/api/panel/cancer-mama-ovario-hereditario,491.36,200,2,0.6103
docker,concorrente,motor,80,/api/panel/cancer-colorretal-hereditario,468.24,200,2,0.6103
docker,concorrente,motor,160,/api/gene/MLH1,188.58,200,0,1.1484
docker,concorrente,motor,160,/api/gene/HBB,191.19,200,0,1.1484
docker,concorrente,motor,160,/api/gene/MSH2,266.46,200,0,1.1484
docker,concorrente,motor,160,/api/variant/rs334,190.87,200,0,1.1484
docker,concorrente,motor,160,/api/variant/rs1800562,177.93,200,0,1.1484
docker,concorrente,motor,160,/api/variant/rs6025,1127.78,200,0,1.1484
docker,concorrente,motor,160,/api/disease/anemia-falciforme,201.9,200,0,1.1484
docker,concorrente,motor,160,/api/disease/talassemia-beta,175.91,200,0,1.1484
docker,concorrente,motor,160,/api/panel/cancer-mama-ovario-hereditario,1076.39,200,0,1.1484
docker,concorrente,motor,160,/api/panel/cancer-colorretal-hereditario,1007.71,200,0,1.1484
docker,concorrente,motor,160,/api/gene/MLH1,952.6,200,0,1.1484
docker,concorrente,motor,160,/api/gene/HBB,245.48,200,0,1.1484
docker,concorrente,motor,160,/api/gene/MSH2,195.57,200,0,1.1484
docker,concorrente,motor,160,/api/variant/rs334,203.1,200,0,1.1484
docker,concorrente,motor,160,/api/variant/rs1800562,961.76,200,0,1.1484
docker,concorrente,motor,160,/api/variant/rs6025,194.04,200,0,1.1484
docker,concorrente,motor,160,/api/disease/anemia-falciforme,196.03,200,0,1.1484
docker,concorrente,motor,160,/api/disease/talassemia-beta,232.72,200,0,1.1484
docker,concorrente,motor,160,/api/panel/cancer-mama-ovario-hereditario,983.38,200,0,1.1484
docker,concorrente,motor,160,/api/panel/cancer-colorretal-hereditario,211.15,200,0,1.1484
docker,concorrente,motor,160,/api/gene/MLH1,316.16,200,0,1.1484
docker,concorrente,motor,160,/api/gene/HBB,234.97,200,0,1.1484
docker,concorrente,motor,160,/api/gene/MSH2,238.48,200,0,1.1484
docker,concorrente,motor,160,/api/variant/rs334,240.28,200,0,1.1484
docker,concorrente,motor,160,/api/variant/rs1800562,1074.96,200,0,1.1484
docker,concorrente,motor,160,/api/variant/rs6025,246.15,200,0,1.1484
docker,concorrente,motor,160,/api/disease/anemia-falciforme,427.96,200,0,1.1484
docker,concorrente,motor,160,/api/disease/talassemia-beta,953.61,200,0,1.1484
docker,concorrente,motor,160,/api/panel/cancer-mama-ovario-hereditario,296.79,200,0,1.1484
docker,concorrente,motor,160,/api/panel/cancer-colorretal-hereditario,570.98,200,0,1.1484
docker,concorrente,motor,160,/api/gene/MLH1,305.4,200,0,1.1484
docker,concorrente,motor,160,/api/gene/HBB,309.38,200,0,1.1484
docker,concorrente,motor,160,/api/gene/MSH2,304.31,200,0,1.1484
docker,concorrente,motor,160,/api/variant/rs334,308.4,200,0,1.1484
docker,concorrente,motor,160,/api/variant/rs1800562,344.44,200,0,1.1484
docker,concorrente,motor,160,/api/variant/rs6025,344.31,200,0,1.1484
docker,concorrente,motor,160,/api/disease/anemia-falciforme,291.13,200,0,1.1484
docker,concorrente,motor,160,/api/disease/talassemia-beta,1084.3,200,0,1.1484
docker,concorrente,motor,160,/api/panel/cancer-mama-ovario-hereditario,314.88,200,0,1.1484
docker,concorrente,motor,160,/api/panel/cancer-colorretal-hereditario,405.63,200,0,1.1484
docker,concorrente,motor,160,/api/gene/MLH1,628.21,200,0,1.1484
docker,concorrente,motor,160,/api/gene/HBB,311.22,200,0,1.1484
docker,concorrente,motor,160,/api/gene/MSH2,387.84,200,0,1.1484
docker,concorrente,motor,160,/api/variant/rs334,332.85,200,0,1.1484
docker,concorrente,motor,160,/api/variant/rs1800562,1011.81,200,0,1.1484
docker,concorrente,motor,160,/api/variant/rs6025,312.72,200,0,1.1484
docker,concorrente,motor,160,/api/disease/anemia-falciforme,388.11,200,0,1.1484
docker,concorrente,motor,160,/api/disease/talassemia-beta,315.84,200,0,1.1484
docker,concorrente,motor,160,/api/panel/cancer-mama-ovario-hereditario,333.41,200,0,1.1484
docker,concorrente,motor,160,/api/panel/cancer-colorretal-hereditario,947.15,200,0,1.1484
docker,concorrente,motor,160,/api/gene/MLH1,369.94,200,0,1.1484
docker,concorrente,motor,160,/api/gene/HBB,343.28,200,0,1.1484
docker,concorrente,motor,160,/api/gene/MSH2,367.45,200,0,1.1484
docker,concorrente,motor,160,/api/variant/rs334,345.53,200,0,1.1484
docker,concorrente,motor,160,/api/variant/rs1800562,366.93,200,0,1.1484
docker,concorrente,motor,160,/api/variant/rs6025,417.64,200,0,1.1484
docker,concorrente,motor,160,/api/disease/anemia-falciforme,507.96,200,0,1.1484
docker,concorrente,motor,160,/api/disease/talassemia-beta,373.51,200,0,1.1484
docker,concorrente,motor,160,/api/panel/cancer-mama-ovario-hereditario,400.44,200,0,1.1484
docker,concorrente,motor,160,/api/panel/cancer-colorretal-hereditario,972.02,200,0,1.1484
docker,concorrente,motor,160,/api/gene/MLH1,416.04,200,0,1.1484
docker,concorrente,motor,160,/api/gene/HBB,947.08,200,0,1.1484
docker,concorrente,motor,160,/api/gene/MSH2,1007.53,200,0,1.1484
docker,concorrente,motor,160,/api/variant/rs334,377.06,200,0,1.1484
docker,concorrente,motor,160,/api/variant/rs1800562,406.47,200,0,1.1484
docker,concorrente,motor,160,/api/variant/rs6025,381.02,200,0,1.1484
docker,concorrente,motor,160,/api/disease/anemia-falciforme,465.84,200,0,1.1484
docker,concorrente,motor,160,/api/disease/talassemia-beta,463.53,200,0,1.1484
docker,concorrente,motor,160,/api/panel/cancer-mama-ovario-hereditario,416.29,200,0,1.1484
docker,concorrente,motor,160,/api/panel/cancer-colorretal-hereditario,427.59,200,0,1.1484
docker,concorrente,motor,160,/api/gene/MLH1,454.35,200,0,1.1484
docker,concorrente,motor,160,/api/gene/HBB,428.77,200,0,1.1484
docker,concorrente,motor,160,/api/gene/MSH2,1074.82,200,0,1.1484
docker,concorrente,motor,160,/api/variant/rs334,985.04,200,0,1.1484
docker,concorrente,motor,160,/api/variant/rs1800562,504.12,200,0,1.1484
docker,concorrente,motor,160,/api/variant/rs6025,950.46,200,0,1.1484
docker,concorrente,motor,160,/api/disease/anemia-falciforme,437.2,200,0,1.1484
docker,concorrente,motor,160,/api/disease/talassemia-beta,1002.69,200,0,1.1484
docker,concorrente,motor,160,/api/panel/cancer-mama-ovario-hereditario,529.88,200,0,1.1484
docker,concorrente,motor,160,/api/panel/cancer-colorretal-hereditario,488.88,200,0,1.1484
docker,concorrente,motor,160,/api/gene/MLH1,482.93,200,0,1.1484
docker,concorrente,motor,160,/api/gene/HBB,562.79,200,0,1.1484
docker,concorrente,motor,160,/api/gene/MSH2,605.72,200,0,1.1484
docker,concorrente,motor,160,/api/variant/rs334,562.43,200,0,1.1484
docker,concorrente,motor,160,/api/variant/rs1800562,485.24,200,0,1.1484
docker,concorrente,motor,160,/api/variant/rs6025,610.39,200,0,1.1484
docker,concorrente,motor,160,/api/disease/anemia-falciforme,515.31,200,0,1.1484
docker,concorrente,motor,160,/api/disease/talassemia-beta,619.88,200,0,1.1484
docker,concorrente,motor,160,/api/panel/cancer-mama-ovario-hereditario,539.24,200,0,1.1484
docker,concorrente,motor,160,/api/panel/cancer-colorretal-hereditario,502.34,200,0,1.1484
docker,concorrente,motor,160,/api/gene/MLH1,519.62,200,0,1.1484
docker,concorrente,motor,160,/api/gene/HBB,548.79,200,0,1.1484
docker,concorrente,motor,160,/api/gene/MSH2,1042.62,200,0,1.1484
docker,concorrente,motor,160,/api/variant/rs334,1056.75,200,0,1.1484
docker,concorrente,motor,160,/api/variant/rs1800562,520.3,200,0,1.1484
docker,concorrente,motor,160,/api/variant/rs6025,527.62,200,0,1.1484
docker,concorrente,motor,160,/api/disease/anemia-falciforme,547.6,200,0,1.1484
docker,concorrente,motor,160,/api/disease/talassemia-beta,583.75,200,0,1.1484
docker,concorrente,motor,160,/api/panel/cancer-mama-ovario-hereditario,537.02,200,0,1.1484
docker,concorrente,motor,160,/api/panel/cancer-colorretal-hereditario,647.88,200,0,1.1484
docker,concorrente,motor,160,/api/gene/MLH1,1051.42,200,0,1.1484
docker,concorrente,motor,160,/api/gene/HBB,737.1,200,0,1.1484
docker,concorrente,motor,160,/api/gene/MSH2,585.62,200,0,1.1484
docker,concorrente,motor,160,/api/variant/rs334,555.23,200,0,1.1484
docker,concorrente,motor,160,/api/variant/rs1800562,646.59,200,0,1.1484
docker,concorrente,motor,160,/api/variant/rs6025,685.94,200,0,1.1484
docker,concorrente,motor,160,/api/disease/anemia-falciforme,623.21,200,0,1.1484
docker,concorrente,motor,160,/api/disease/talassemia-beta,603.5,200,0,1.1484
docker,concorrente,motor,160,/api/panel/cancer-mama-ovario-hereditario,577.07,200,0,1.1484
docker,concorrente,motor,160,/api/panel/cancer-colorretal-hereditario,600.43,200,0,1.1484
docker,concorrente,motor,160,/api/gene/MLH1,969.07,200,0,1.1484
docker,concorrente,motor,160,/api/gene/HBB,688.87,200,0,1.1484
docker,concorrente,motor,160,/api/gene/MSH2,601.95,200,0,1.1484
docker,concorrente,motor,160,/api/variant/rs334,1003.28,200,0,1.1484
docker,concorrente,motor,160,/api/variant/rs1800562,624.81,200,0,1.1484
docker,concorrente,motor,160,/api/variant/rs6025,599.99,200,0,1.1484
docker,concorrente,motor,160,/api/disease/anemia-falciforme,603.52,200,0,1.1484
docker,concorrente,motor,160,/api/disease/talassemia-beta,678.94,200,0,1.1484
docker,concorrente,motor,160,/api/panel/cancer-mama-ovario-hereditario,709.36,200,0,1.1484
docker,concorrente,motor,160,/api/panel/cancer-colorretal-hereditario,736.46,200,0,1.1484
docker,concorrente,motor,160,/api/gene/MLH1,737.19,200,0,1.1484
docker,concorrente,motor,160,/api/gene/HBB,688.97,200,0,1.1484
docker,concorrente,motor,160,/api/gene/MSH2,692.65,200,0,1.1484
docker,concorrente,motor,160,/api/variant/rs334,1023.5,200,0,1.1484
docker,concorrente,motor,160,/api/variant/rs1800562,931.88,200,0,1.1484
docker,concorrente,motor,160,/api/variant/rs6025,891.6,200,0,1.1484
docker,concorrente,motor,160,/api/disease/anemia-falciforme,670.01,200,0,1.1484
docker,concorrente,motor,160,/api/disease/talassemia-beta,810.66,200,0,1.1484
docker,concorrente,motor,160,/api/panel/cancer-mama-ovario-hereditario,664.13,200,0,1.1484
docker,concorrente,motor,160,/api/panel/cancer-colorretal-hereditario,760.95,200,0,1.1484
docker,concorrente,motor,160,/api/gene/MLH1,840.16,200,0,1.1484
docker,concorrente,motor,160,/api/gene/HBB,726.24,200,0,1.1484
docker,concorrente,motor,160,/api/gene/MSH2,768.62,200,0,1.1484
docker,concorrente,motor,160,/api/variant/rs334,684.04,200,0,1.1484
docker,concorrente,motor,160,/api/variant/rs1800562,1021.47,200,0,1.1484
docker,concorrente,motor,160,/api/variant/rs6025,787.5,200,0,1.1484
docker,concorrente,motor,160,/api/disease/anemia-falciforme,694.29,200,0,1.1484
docker,concorrente,motor,160,/api/disease/talassemia-beta,958.18,200,0,1.1484
docker,concorrente,motor,160,/api/panel/cancer-mama-ovario-hereditario,882.25,200,0,1.1484
docker,concorrente,motor,160,/api/panel/cancer-colorretal-hereditario,757.67,200,0,1.1484
docker,concorrente,motor,160,/api/gene/MLH1,788.87,200,0,1.1484
docker,concorrente,motor,160,/api/gene/HBB,777.13,200,0,1.1484
docker,concorrente,motor,160,/api/gene/MSH2,740.19,200,0,1.1484
docker,concorrente,motor,160,/api/variant/rs334,831.44,200,0,1.1484
docker,concorrente,motor,160,/api/variant/rs1800562,733.31,200,0,1.1484
docker,concorrente,motor,160,/api/variant/rs6025,788.2,200,0,1.1484
docker,concorrente,motor,160,/api/disease/anemia-falciforme,764.68,200,0,1.1484
docker,concorrente,motor,160,/api/disease/talassemia-beta,849.67,200,0,1.1484
docker,concorrente,motor,160,/api/panel/cancer-mama-ovario-hereditario,749.74,200,0,1.1484
docker,concorrente,motor,160,/api/panel/cancer-colorretal-hereditario,979.6,200,0,1.1484
docker,concorrente,motor,160,/api/gene/MLH1,973.71,200,0,1.1484
docker,concorrente,motor,160,/api/gene/HBB,943.4,200,0,1.1484
docker,concorrente,motor,160,/api/gene/MSH2,970.26,200,0,1.1484
docker,concorrente,motor,160,/api/variant/rs334,965.78,200,0,1.1484
docker,concorrente,motor,160,/api/variant/rs1800562,989.76,200,0,1.1484
docker,concorrente,motor,160,/api/variant/rs6025,825.98,200,0,1.1484
docker,concorrente,motor,160,/api/disease/anemia-falciforme,889.66,200,0,1.1484
docker,concorrente,motor,160,/api/disease/talassemia-beta,921.43,200,0,1.1484
docker,concorrente,motor,160,/api/panel/cancer-mama-ovario-hereditario,809.05,200,0,1.1484
docker,concorrente,motor,160,/api/panel/cancer-colorretal-hereditario,795.99,200,0,1.1484
docker,concorrente,motor,160,/api/gene/MLH1,240.29,200,1,1.1883
docker,concorrente,motor,160,/api/gene/HBB,236.76,200,1,1.1883
docker,concorrente,motor,160,/api/gene/MSH2,252.83,200,1,1.1883
docker,concorrente,motor,160,/api/variant/rs334,222.35,200,1,1.1883
docker,concorrente,motor,160,/api/variant/rs1800562,219.97,200,1,1.1883
docker,concorrente,motor,160,/api/variant/rs6025,254.61,200,1,1.1883
docker,concorrente,motor,160,/api/disease/anemia-falciforme,224.92,200,1,1.1883
docker,concorrente,motor,160,/api/disease/talassemia-beta,220.37,200,1,1.1883
docker,concorrente,motor,160,/api/panel/cancer-mama-ovario-hereditario,984.22,200,1,1.1883
docker,concorrente,motor,160,/api/panel/cancer-colorretal-hereditario,266.84,200,1,1.1883
docker,concorrente,motor,160,/api/gene/MLH1,254.56,200,1,1.1883
docker,concorrente,motor,160,/api/gene/HBB,308.3,200,1,1.1883
docker,concorrente,motor,160,/api/gene/MSH2,224.87,200,1,1.1883
docker,concorrente,motor,160,/api/variant/rs334,1079.35,200,1,1.1883
docker,concorrente,motor,160,/api/variant/rs1800562,999.61,200,1,1.1883
docker,concorrente,motor,160,/api/variant/rs6025,262.72,200,1,1.1883
docker,concorrente,motor,160,/api/disease/anemia-falciforme,1088.44,200,1,1.1883
docker,concorrente,motor,160,/api/disease/talassemia-beta,216.19,200,1,1.1883
docker,concorrente,motor,160,/api/panel/cancer-mama-ovario-hereditario,1053.13,200,1,1.1883
docker,concorrente,motor,160,/api/panel/cancer-colorretal-hereditario,1051.54,200,1,1.1883
docker,concorrente,motor,160,/api/gene/MLH1,302.82,200,1,1.1883
docker,concorrente,motor,160,/api/gene/HBB,400.81,200,1,1.1883
docker,concorrente,motor,160,/api/gene/MSH2,280.33,200,1,1.1883
docker,concorrente,motor,160,/api/variant/rs334,239.33,200,1,1.1883
docker,concorrente,motor,160,/api/variant/rs1800562,1053.98,200,1,1.1883
docker,concorrente,motor,160,/api/variant/rs6025,242.48,200,1,1.1883
docker,concorrente,motor,160,/api/disease/anemia-falciforme,1117.01,200,1,1.1883
docker,concorrente,motor,160,/api/disease/talassemia-beta,352.43,200,1,1.1883
docker,concorrente,motor,160,/api/panel/cancer-mama-ovario-hereditario,264.92,200,1,1.1883
docker,concorrente,motor,160,/api/panel/cancer-colorretal-hereditario,435.33,200,1,1.1883
docker,concorrente,motor,160,/api/gene/MLH1,1120.95,200,1,1.1883
docker,concorrente,motor,160,/api/gene/HBB,293.19,200,1,1.1883
docker,concorrente,motor,160,/api/gene/MSH2,426.95,200,1,1.1883
docker,concorrente,motor,160,/api/variant/rs334,286.16,200,1,1.1883
docker,concorrente,motor,160,/api/variant/rs1800562,341.75,200,1,1.1883
docker,concorrente,motor,160,/api/variant/rs6025,291.2,200,1,1.1883
docker,concorrente,motor,160,/api/disease/anemia-falciforme,325.06,200,1,1.1883
docker,concorrente,motor,160,/api/disease/talassemia-beta,297.82,200,1,1.1883
docker,concorrente,motor,160,/api/panel/cancer-mama-ovario-hereditario,974.45,200,1,1.1883
docker,concorrente,motor,160,/api/panel/cancer-colorretal-hereditario,1057.49,200,1,1.1883
docker,concorrente,motor,160,/api/gene/MLH1,536.67,200,1,1.1883
docker,concorrente,motor,160,/api/gene/HBB,346.66,200,1,1.1883
docker,concorrente,motor,160,/api/gene/MSH2,373.24,200,1,1.1883
docker,concorrente,motor,160,/api/variant/rs334,490.36,200,1,1.1883
docker,concorrente,motor,160,/api/variant/rs1800562,380.2,200,1,1.1883
docker,concorrente,motor,160,/api/variant/rs6025,395.16,200,1,1.1883
docker,concorrente,motor,160,/api/disease/anemia-falciforme,408.66,200,1,1.1883
docker,concorrente,motor,160,/api/disease/talassemia-beta,369.73,200,1,1.1883
docker,concorrente,motor,160,/api/panel/cancer-mama-ovario-hereditario,1140.99,200,1,1.1883
docker,concorrente,motor,160,/api/panel/cancer-colorretal-hereditario,376.35,200,1,1.1883
docker,concorrente,motor,160,/api/gene/MLH1,409.78,200,1,1.1883
docker,concorrente,motor,160,/api/gene/HBB,528.31,200,1,1.1883
docker,concorrente,motor,160,/api/gene/MSH2,1018.74,200,1,1.1883
docker,concorrente,motor,160,/api/variant/rs334,454.68,200,1,1.1883
docker,concorrente,motor,160,/api/variant/rs1800562,414.7,200,1,1.1883
docker,concorrente,motor,160,/api/variant/rs6025,407.92,200,1,1.1883
docker,concorrente,motor,160,/api/disease/anemia-falciforme,426.85,200,1,1.1883
docker,concorrente,motor,160,/api/disease/talassemia-beta,441.79,200,1,1.1883
docker,concorrente,motor,160,/api/panel/cancer-mama-ovario-hereditario,413.92,200,1,1.1883
docker,concorrente,motor,160,/api/panel/cancer-colorretal-hereditario,1102.04,200,1,1.1883
docker,concorrente,motor,160,/api/gene/MLH1,453.09,200,1,1.1883
docker,concorrente,motor,160,/api/gene/HBB,452.9,200,1,1.1883
docker,concorrente,motor,160,/api/gene/MSH2,439.88,200,1,1.1883
docker,concorrente,motor,160,/api/variant/rs334,469.77,200,1,1.1883
docker,concorrente,motor,160,/api/variant/rs1800562,448.62,200,1,1.1883
docker,concorrente,motor,160,/api/variant/rs6025,457.7,200,1,1.1883
docker,concorrente,motor,160,/api/disease/anemia-falciforme,518.56,200,1,1.1883
docker,concorrente,motor,160,/api/disease/talassemia-beta,584.91,200,1,1.1883
docker,concorrente,motor,160,/api/panel/cancer-mama-ovario-hereditario,453.71,200,1,1.1883
docker,concorrente,motor,160,/api/panel/cancer-colorretal-hereditario,458.77,200,1,1.1883
docker,concorrente,motor,160,/api/gene/MLH1,507.37,200,1,1.1883
docker,concorrente,motor,160,/api/gene/HBB,1011.11,200,1,1.1883
docker,concorrente,motor,160,/api/gene/MSH2,1007.02,200,1,1.1883
docker,concorrente,motor,160,/api/variant/rs334,470.9,200,1,1.1883
docker,concorrente,motor,160,/api/variant/rs1800562,1046.51,200,1,1.1883
docker,concorrente,motor,160,/api/variant/rs6025,499.0,200,1,1.1883
docker,concorrente,motor,160,/api/disease/anemia-falciforme,537.52,200,1,1.1883
docker,concorrente,motor,160,/api/disease/talassemia-beta,1101.09,200,1,1.1883
docker,concorrente,motor,160,/api/panel/cancer-mama-ovario-hereditario,494.36,200,1,1.1883
docker,concorrente,motor,160,/api/panel/cancer-colorretal-hereditario,1111.6,200,1,1.1883
docker,concorrente,motor,160,/api/gene/MLH1,518.77,200,1,1.1883
docker,concorrente,motor,160,/api/gene/HBB,635.87,200,1,1.1883
docker,concorrente,motor,160,/api/gene/MSH2,574.45,200,1,1.1883
docker,concorrente,motor,160,/api/variant/rs334,1057.23,200,1,1.1883
docker,concorrente,motor,160,/api/variant/rs1800562,653.79,200,1,1.1883
docker,concorrente,motor,160,/api/variant/rs6025,515.41,200,1,1.1883
docker,concorrente,motor,160,/api/disease/anemia-falciforme,556.68,200,1,1.1883
docker,concorrente,motor,160,/api/disease/talassemia-beta,577.81,200,1,1.1883
docker,concorrente,motor,160,/api/panel/cancer-mama-ovario-hereditario,567.1,200,1,1.1883
docker,concorrente,motor,160,/api/panel/cancer-colorretal-hereditario,634.96,200,1,1.1883
docker,concorrente,motor,160,/api/gene/MLH1,1084.52,200,1,1.1883
docker,concorrente,motor,160,/api/gene/HBB,570.1,200,1,1.1883
docker,concorrente,motor,160,/api/gene/MSH2,857.08,200,1,1.1883
docker,concorrente,motor,160,/api/variant/rs334,587.3,200,1,1.1883
docker,concorrente,motor,160,/api/variant/rs1800562,600.04,200,1,1.1883
docker,concorrente,motor,160,/api/variant/rs6025,586.07,200,1,1.1883
docker,concorrente,motor,160,/api/disease/anemia-falciforme,982.14,200,1,1.1883
docker,concorrente,motor,160,/api/disease/talassemia-beta,609.69,200,1,1.1883
docker,concorrente,motor,160,/api/panel/cancer-mama-ovario-hereditario,605.74,200,1,1.1883
docker,concorrente,motor,160,/api/panel/cancer-colorretal-hereditario,710.7,200,1,1.1883
docker,concorrente,motor,160,/api/gene/MLH1,598.98,200,1,1.1883
docker,concorrente,motor,160,/api/gene/HBB,601.77,200,1,1.1883
docker,concorrente,motor,160,/api/gene/MSH2,657.1,200,1,1.1883
docker,concorrente,motor,160,/api/variant/rs334,689.54,200,1,1.1883
docker,concorrente,motor,160,/api/variant/rs1800562,645.16,200,1,1.1883
docker,concorrente,motor,160,/api/variant/rs6025,1004.99,200,1,1.1883
docker,concorrente,motor,160,/api/disease/anemia-falciforme,610.99,200,1,1.1883
docker,concorrente,motor,160,/api/disease/talassemia-beta,1083.51,200,1,1.1883
docker,concorrente,motor,160,/api/panel/cancer-mama-ovario-hereditario,693.35,200,1,1.1883
docker,concorrente,motor,160,/api/panel/cancer-colorretal-hereditario,621.78,200,1,1.1883
docker,concorrente,motor,160,/api/gene/MLH1,638.96,200,1,1.1883
docker,concorrente,motor,160,/api/gene/HBB,676.05,200,1,1.1883
docker,concorrente,motor,160,/api/gene/MSH2,800.25,200,1,1.1883
docker,concorrente,motor,160,/api/variant/rs334,1070.99,200,1,1.1883
docker,concorrente,motor,160,/api/variant/rs1800562,643.38,200,1,1.1883
docker,concorrente,motor,160,/api/variant/rs6025,645.88,200,1,1.1883
docker,concorrente,motor,160,/api/disease/anemia-falciforme,1003.8,200,1,1.1883
docker,concorrente,motor,160,/api/disease/talassemia-beta,653.62,200,1,1.1883
docker,concorrente,motor,160,/api/panel/cancer-mama-ovario-hereditario,710.32,200,1,1.1883
docker,concorrente,motor,160,/api/panel/cancer-colorretal-hereditario,661.23,200,1,1.1883
docker,concorrente,motor,160,/api/gene/MLH1,692.36,200,1,1.1883
docker,concorrente,motor,160,/api/gene/HBB,997.67,200,1,1.1883
docker,concorrente,motor,160,/api/gene/MSH2,683.27,200,1,1.1883
docker,concorrente,motor,160,/api/variant/rs334,761.77,200,1,1.1883
docker,concorrente,motor,160,/api/variant/rs1800562,727.15,200,1,1.1883
docker,concorrente,motor,160,/api/variant/rs6025,688.48,200,1,1.1883
docker,concorrente,motor,160,/api/disease/anemia-falciforme,1063.33,200,1,1.1883
docker,concorrente,motor,160,/api/disease/talassemia-beta,723.57,200,1,1.1883
docker,concorrente,motor,160,/api/panel/cancer-mama-ovario-hereditario,727.6,200,1,1.1883
docker,concorrente,motor,160,/api/panel/cancer-colorretal-hereditario,745.45,200,1,1.1883
docker,concorrente,motor,160,/api/gene/MLH1,713.21,200,1,1.1883
docker,concorrente,motor,160,/api/gene/HBB,717.23,200,1,1.1883
docker,concorrente,motor,160,/api/gene/MSH2,865.81,200,1,1.1883
docker,concorrente,motor,160,/api/variant/rs334,753.64,200,1,1.1883
docker,concorrente,motor,160,/api/variant/rs1800562,760.99,200,1,1.1883
docker,concorrente,motor,160,/api/variant/rs6025,838.46,200,1,1.1883
docker,concorrente,motor,160,/api/disease/anemia-falciforme,943.28,200,1,1.1883
docker,concorrente,motor,160,/api/disease/talassemia-beta,726.66,200,1,1.1883
docker,concorrente,motor,160,/api/panel/cancer-mama-ovario-hereditario,974.99,200,1,1.1883
docker,concorrente,motor,160,/api/panel/cancer-colorretal-hereditario,813.94,200,1,1.1883
docker,concorrente,motor,160,/api/gene/MLH1,752.69,200,1,1.1883
docker,concorrente,motor,160,/api/gene/HBB,755.04,200,1,1.1883
docker,concorrente,motor,160,/api/gene/MSH2,789.72,200,1,1.1883
docker,concorrente,motor,160,/api/variant/rs334,799.38,200,1,1.1883
docker,concorrente,motor,160,/api/variant/rs1800562,797.46,200,1,1.1883
docker,concorrente,motor,160,/api/variant/rs6025,781.86,200,1,1.1883
docker,concorrente,motor,160,/api/disease/anemia-falciforme,763.01,200,1,1.1883
docker,concorrente,motor,160,/api/disease/talassemia-beta,864.65,200,1,1.1883
docker,concorrente,motor,160,/api/panel/cancer-mama-ovario-hereditario,844.56,200,1,1.1883
docker,concorrente,motor,160,/api/panel/cancer-colorretal-hereditario,774.08,200,1,1.1883
docker,concorrente,motor,160,/api/gene/MLH1,887.95,200,1,1.1883
docker,concorrente,motor,160,/api/gene/HBB,794.44,200,1,1.1883
docker,concorrente,motor,160,/api/gene/MSH2,991.0,200,1,1.1883
docker,concorrente,motor,160,/api/variant/rs334,848.1,200,1,1.1883
docker,concorrente,motor,160,/api/variant/rs1800562,801.54,200,1,1.1883
docker,concorrente,motor,160,/api/variant/rs6025,1004.45,200,1,1.1883
docker,concorrente,motor,160,/api/disease/anemia-falciforme,808.09,200,1,1.1883
docker,concorrente,motor,160,/api/disease/talassemia-beta,978.68,200,1,1.1883
docker,concorrente,motor,160,/api/panel/cancer-mama-ovario-hereditario,826.01,200,1,1.1883
docker,concorrente,motor,160,/api/panel/cancer-colorretal-hereditario,1018.2,200,1,1.1883
docker,concorrente,motor,160,/api/gene/MLH1,212.75,200,2,1.1622
docker,concorrente,motor,160,/api/gene/HBB,210.12,200,2,1.1622
docker,concorrente,motor,160,/api/gene/MSH2,288.0,200,2,1.1622
docker,concorrente,motor,160,/api/variant/rs334,223.95,200,2,1.1622
docker,concorrente,motor,160,/api/variant/rs1800562,199.88,200,2,1.1622
docker,concorrente,motor,160,/api/variant/rs6025,244.74,200,2,1.1622
docker,concorrente,motor,160,/api/disease/anemia-falciforme,950.65,200,2,1.1622
docker,concorrente,motor,160,/api/disease/talassemia-beta,207.71,200,2,1.1622
docker,concorrente,motor,160,/api/panel/cancer-mama-ovario-hereditario,240.39,200,2,1.1622
docker,concorrente,motor,160,/api/panel/cancer-colorretal-hereditario,263.04,200,2,1.1622
docker,concorrente,motor,160,/api/gene/MLH1,302.39,200,2,1.1622
docker,concorrente,motor,160,/api/gene/HBB,366.29,200,2,1.1622
docker,concorrente,motor,160,/api/gene/MSH2,235.82,200,2,1.1622
docker,concorrente,motor,160,/api/variant/rs334,226.73,200,2,1.1622
docker,concorrente,motor,160,/api/variant/rs1800562,231.3,200,2,1.1622
docker,concorrente,motor,160,/api/variant/rs6025,265.6,200,2,1.1622
docker,concorrente,motor,160,/api/disease/anemia-falciforme,1119.93,200,2,1.1622
docker,concorrente,motor,160,/api/disease/talassemia-beta,244.03,200,2,1.1622
docker,concorrente,motor,160,/api/panel/cancer-mama-ovario-hereditario,1093.16,200,2,1.1622
docker,concorrente,motor,160,/api/panel/cancer-colorretal-hereditario,311.96,200,2,1.1622
docker,concorrente,motor,160,/api/gene/MLH1,270.49,200,2,1.1622
docker,concorrente,motor,160,/api/gene/HBB,274.41,200,2,1.1622
docker,concorrente,motor,160,/api/gene/MSH2,346.04,200,2,1.1622
docker,concorrente,motor,160,/api/variant/rs334,1137.49,200,2,1.1622
docker,concorrente,motor,160,/api/variant/rs1800562,273.99,200,2,1.1622
docker,concorrente,motor,160,/api/variant/rs6025,359.75,200,2,1.1622
docker,concorrente,motor,160,/api/disease/anemia-falciforme,324.56,200,2,1.1622
docker,concorrente,motor,160,/api/disease/talassemia-beta,306.58,200,2,1.1622
docker,concorrente,motor,160,/api/panel/cancer-mama-ovario-hereditario,1009.1,200,2,1.1622
docker,concorrente,motor,160,/api/panel/cancer-colorretal-hereditario,286.6,200,2,1.1622
docker,concorrente,motor,160,/api/gene/MLH1,518.8,200,2,1.1622
docker,concorrente,motor,160,/api/gene/HBB,297.96,200,2,1.1622
docker,concorrente,motor,160,/api/gene/MSH2,311.32,200,2,1.1622
docker,concorrente,motor,160,/api/variant/rs334,949.42,200,2,1.1622
docker,concorrente,motor,160,/api/variant/rs1800562,434.72,200,2,1.1622
docker,concorrente,motor,160,/api/variant/rs6025,303.53,200,2,1.1622
docker,concorrente,motor,160,/api/disease/anemia-falciforme,339.39,200,2,1.1622
docker,concorrente,motor,160,/api/disease/talassemia-beta,383.28,200,2,1.1622
docker,concorrente,motor,160,/api/panel/cancer-mama-ovario-hereditario,372.47,200,2,1.1622
docker,concorrente,motor,160,/api/panel/cancer-colorretal-hereditario,1001.53,200,2,1.1622
docker,concorrente,motor,160,/api/gene/MLH1,335.06,200,2,1.1622
docker,concorrente,motor,160,/api/gene/HBB,504.11,200,2,1.1622
docker,concorrente,motor,160,/api/gene/MSH2,1122.43,200,2,1.1622
docker,concorrente,motor,160,/api/variant/rs334,341.52,200,2,1.1622
docker,concorrente,motor,160,/api/variant/rs1800562,338.8,200,2,1.1622
docker,concorrente,motor,160,/api/variant/rs6025,976.84,200,2,1.1622
docker,concorrente,motor,160,/api/disease/anemia-falciforme,410.35,200,2,1.1622
docker,concorrente,motor,160,/api/disease/talassemia-beta,539.79,200,2,1.1622
docker,concorrente,motor,160,/api/panel/cancer-mama-ovario-hereditario,354.14,200,2,1.1622
docker,concorrente,motor,160,/api/panel/cancer-colorretal-hereditario,1080.92,200,2,1.1622
docker,concorrente,motor,160,/api/gene/MLH1,365.97,200,2,1.1622
docker,concorrente,motor,160,/api/gene/HBB,503.41,200,2,1.1622
docker,concorrente,motor,160,/api/gene/MSH2,390.82,200,2,1.1622
docker,concorrente,motor,160,/api/variant/rs334,388.17,200,2,1.1622
docker,concorrente,motor,160,/api/variant/rs1800562,1023.43,200,2,1.1622
docker,concorrente,motor,160,/api/variant/rs6025,375.72,200,2,1.1622
docker,concorrente,motor,160,/api/disease/anemia-falciforme,948.74,200,2,1.1622
docker,concorrente,motor,160,/api/disease/talassemia-beta,481.48,200,2,1.1622
docker,concorrente,motor,160,/api/panel/cancer-mama-ovario-hereditario,384.35,200,2,1.1622
docker,concorrente,motor,160,/api/panel/cancer-colorretal-hereditario,394.67,200,2,1.1622
docker,concorrente,motor,160,/api/gene/MLH1,476.01,200,2,1.1622
docker,concorrente,motor,160,/api/gene/HBB,484.64,200,2,1.1622
docker,concorrente,motor,160,/api/gene/MSH2,421.51,200,2,1.1622
docker,concorrente,motor,160,/api/variant/rs334,474.09,200,2,1.1622
docker,concorrente,motor,160,/api/variant/rs1800562,1087.08,200,2,1.1622
docker,concorrente,motor,160,/api/variant/rs6025,448.67,200,2,1.1622
docker,concorrente,motor,160,/api/disease/anemia-falciforme,491.19,200,2,1.1622
docker,concorrente,motor,160,/api/disease/talassemia-beta,672.38,200,2,1.1622
docker,concorrente,motor,160,/api/panel/cancer-mama-ovario-hereditario,521.91,200,2,1.1622
docker,concorrente,motor,160,/api/panel/cancer-colorretal-hereditario,543.18,200,2,1.1622
docker,concorrente,motor,160,/api/gene/MLH1,480.3,200,2,1.1622
docker,concorrente,motor,160,/api/gene/HBB,536.15,200,2,1.1622
docker,concorrente,motor,160,/api/gene/MSH2,1058.32,200,2,1.1622
docker,concorrente,motor,160,/api/variant/rs334,979.26,200,2,1.1622
docker,concorrente,motor,160,/api/variant/rs1800562,489.19,200,2,1.1622
docker,concorrente,motor,160,/api/variant/rs6025,1071.01,200,2,1.1622
docker,concorrente,motor,160,/api/disease/anemia-falciforme,501.57,200,2,1.1622
docker,concorrente,motor,160,/api/disease/talassemia-beta,1067.26,200,2,1.1622
docker,concorrente,motor,160,/api/panel/cancer-mama-ovario-hereditario,553.87,200,2,1.1622
docker,concorrente,motor,160,/api/panel/cancer-colorretal-hereditario,493.09,200,2,1.1622
docker,concorrente,motor,160,/api/gene/MLH1,1060.75,200,2,1.1622
docker,concorrente,motor,160,/api/gene/HBB,511.6,200,2,1.1622
docker,concorrente,motor,160,/api/gene/MSH2,616.36,200,2,1.1622
docker,concorrente,motor,160,/api/variant/rs334,532.79,200,2,1.1622
docker,concorrente,motor,160,/api/variant/rs1800562,518.8,200,2,1.1622
docker,concorrente,motor,160,/api/variant/rs6025,556.33,200,2,1.1622
docker,concorrente,motor,160,/api/disease/anemia-falciforme,956.37,200,2,1.1622
docker,concorrente,motor,160,/api/disease/talassemia-beta,1041.29,200,2,1.1622
docker,concorrente,motor,160,/api/panel/cancer-mama-ovario-hereditario,548.01,200,2,1.1622
docker,concorrente,motor,160,/api/panel/cancer-colorretal-hereditario,571.56,200,2,1.1622
docker,concorrente,motor,160,/api/gene/MLH1,540.79,200,2,1.1622
docker,concorrente,motor,160,/api/gene/HBB,602.23,200,2,1.1622
docker,concorrente,motor,160,/api/gene/MSH2,597.24,200,2,1.1622
docker,concorrente,motor,160,/api/variant/rs334,540.36,200,2,1.1622
docker,concorrente,motor,160,/api/variant/rs1800562,971.06,200,2,1.1622
docker,concorrente,motor,160,/api/variant/rs6025,613.19,200,2,1.1622
docker,concorrente,motor,160,/api/disease/anemia-falciforme,662.76,200,2,1.1622
docker,concorrente,motor,160,/api/disease/talassemia-beta,585.49,200,2,1.1622
docker,concorrente,motor,160,/api/panel/cancer-mama-ovario-hereditario,557.88,200,2,1.1622
docker,concorrente,motor,160,/api/panel/cancer-colorretal-hereditario,633.43,200,2,1.1622
docker,concorrente,motor,160,/api/gene/MLH1,585.68,200,2,1.1622
docker,concorrente,motor,160,/api/gene/HBB,626.67,200,2,1.1622
docker,concorrente,motor,160,/api/gene/MSH2,640.42,200,2,1.1622
docker,concorrente,motor,160,/api/variant/rs334,994.01,200,2,1.1622
docker,concorrente,motor,160,/api/variant/rs1800562,680.43,200,2,1.1622
docker,concorrente,motor,160,/api/variant/rs6025,592.42,200,2,1.1622
docker,concorrente,motor,160,/api/disease/anemia-falciforme,645.02,200,2,1.1622
docker,concorrente,motor,160,/api/disease/talassemia-beta,756.56,200,2,1.1622
docker,concorrente,motor,160,/api/panel/cancer-mama-ovario-hereditario,665.77,200,2,1.1622
docker,concorrente,motor,160,/api/panel/cancer-colorretal-hereditario,607.01,200,2,1.1622
docker,concorrente,motor,160,/api/gene/MLH1,624.78,200,2,1.1622
docker,concorrente,motor,160,/api/gene/HBB,962.77,200,2,1.1622
docker,concorrente,motor,160,/api/gene/MSH2,980.96,200,2,1.1622
docker,concorrente,motor,160,/api/variant/rs334,945.98,200,2,1.1622
docker,concorrente,motor,160,/api/variant/rs1800562,704.55,200,2,1.1622
docker,concorrente,motor,160,/api/variant/rs6025,979.29,200,2,1.1622
docker,concorrente,motor,160,/api/disease/anemia-falciforme,633.19,200,2,1.1622
docker,concorrente,motor,160,/api/disease/talassemia-beta,654.38,200,2,1.1622
docker,concorrente,motor,160,/api/panel/cancer-mama-ovario-hereditario,669.05,200,2,1.1622
docker,concorrente,motor,160,/api/panel/cancer-colorretal-hereditario,643.63,200,2,1.1622
docker,concorrente,motor,160,/api/gene/MLH1,892.45,200,2,1.1622
docker,concorrente,motor,160,/api/gene/HBB,705.03,200,2,1.1622
docker,concorrente,motor,160,/api/gene/MSH2,735.55,200,2,1.1622
docker,concorrente,motor,160,/api/variant/rs334,674.63,200,2,1.1622
docker,concorrente,motor,160,/api/variant/rs1800562,657.2,200,2,1.1622
docker,concorrente,motor,160,/api/variant/rs6025,1028.5,200,2,1.1622
docker,concorrente,motor,160,/api/disease/anemia-falciforme,747.44,200,2,1.1622
docker,concorrente,motor,160,/api/disease/talassemia-beta,832.68,200,2,1.1622
docker,concorrente,motor,160,/api/panel/cancer-mama-ovario-hereditario,719.62,200,2,1.1622
docker,concorrente,motor,160,/api/panel/cancer-colorretal-hereditario,674.12,200,2,1.1622
docker,concorrente,motor,160,/api/gene/MLH1,690.82,200,2,1.1622
docker,concorrente,motor,160,/api/gene/HBB,974.67,200,2,1.1622
docker,concorrente,motor,160,/api/gene/MSH2,830.44,200,2,1.1622
docker,concorrente,motor,160,/api/variant/rs334,733.94,200,2,1.1622
docker,concorrente,motor,160,/api/variant/rs1800562,694.82,200,2,1.1622
docker,concorrente,motor,160,/api/variant/rs6025,701.93,200,2,1.1622
docker,concorrente,motor,160,/api/disease/anemia-falciforme,895.75,200,2,1.1622
docker,concorrente,motor,160,/api/disease/talassemia-beta,970.06,200,2,1.1622
docker,concorrente,motor,160,/api/panel/cancer-mama-ovario-hereditario,1021.29,200,2,1.1622
docker,concorrente,motor,160,/api/panel/cancer-colorretal-hereditario,814.66,200,2,1.1622
docker,concorrente,motor,160,/api/gene/MLH1,735.66,200,2,1.1622
docker,concorrente,motor,160,/api/gene/HBB,738.76,200,2,1.1622
docker,concorrente,motor,160,/api/gene/MSH2,819.96,200,2,1.1622
docker,concorrente,motor,160,/api/variant/rs334,851.4,200,2,1.1622
docker,concorrente,motor,160,/api/variant/rs1800562,844.25,200,2,1.1622
docker,concorrente,motor,160,/api/variant/rs6025,757.58,200,2,1.1622
docker,concorrente,motor,160,/api/disease/anemia-falciforme,738.62,200,2,1.1622
docker,concorrente,motor,160,/api/disease/talassemia-beta,746.77,200,2,1.1622
docker,concorrente,motor,160,/api/panel/cancer-mama-ovario-hereditario,905.62,200,2,1.1622
docker,concorrente,motor,160,/api/panel/cancer-colorretal-hereditario,810.76,200,2,1.1622
docker,concorrente,motor,160,/api/gene/MLH1,814.85,200,2,1.1622
docker,concorrente,motor,160,/api/gene/HBB,812.52,200,2,1.1622
docker,concorrente,motor,160,/api/gene/MSH2,853.99,200,2,1.1622
docker,concorrente,motor,160,/api/variant/rs334,867.97,200,2,1.1622
docker,concorrente,motor,160,/api/variant/rs1800562,821.66,200,2,1.1622
docker,concorrente,motor,160,/api/variant/rs6025,796.8,200,2,1.1622
docker,concorrente,motor,160,/api/disease/anemia-falciforme,847.03,200,2,1.1622
docker,concorrente,motor,160,/api/disease/talassemia-beta,951.1,200,2,1.1622
docker,concorrente,motor,160,/api/panel/cancer-mama-ovario-hereditario,951.07,200,2,1.1622
docker,concorrente,motor,160,/api/panel/cancer-colorretal-hereditario,911.28,200,2,1.1622
docker,concorrente,produto,1,/api/gene/MLH1,6.37,200,0,0.0065
docker,concorrente,produto,1,/api/gene/MLH1,5.85,200,1,0.0059
docker,concorrente,produto,1,/api/gene/MLH1,6.14,200,2,0.0062
docker,concorrente,produto,5,/api/gene/MLH1,45.78,200,0,0.0489
docker,concorrente,produto,5,/api/gene/HBB,43.89,200,0,0.0489
docker,concorrente,produto,5,/api/gene/MSH2,44.84,200,0,0.0489
docker,concorrente,produto,5,/api/variant/rs334,43.95,200,0,0.0489
docker,concorrente,produto,5,/api/variant/rs1800562,40.13,200,0,0.0489
docker,concorrente,produto,5,/api/gene/MLH1,69.97,200,1,0.0768
docker,concorrente,produto,5,/api/gene/HBB,75.54,200,1,0.0768
docker,concorrente,produto,5,/api/gene/MSH2,76.08,200,1,0.0768
docker,concorrente,produto,5,/api/variant/rs334,73.79,200,1,0.0768
docker,concorrente,produto,5,/api/variant/rs1800562,72.44,200,1,0.0768
docker,concorrente,produto,5,/api/gene/MLH1,20.71,200,2,0.0236
docker,concorrente,produto,5,/api/gene/HBB,22.51,200,2,0.0236
docker,concorrente,produto,5,/api/gene/MSH2,22.18,200,2,0.0236
docker,concorrente,produto,5,/api/variant/rs334,20.86,200,2,0.0236
docker,concorrente,produto,5,/api/variant/rs1800562,20.42,200,2,0.0236
docker,concorrente,produto,10,/api/gene/MLH1,68.84,200,0,0.0707
docker,concorrente,produto,10,/api/gene/HBB,62.29,200,0,0.0707
docker,concorrente,produto,10,/api/gene/MSH2,49.72,200,0,0.0707
docker,concorrente,produto,10,/api/variant/rs334,54.95,200,0,0.0707
docker,concorrente,produto,10,/api/variant/rs1800562,60.75,200,0,0.0707
docker,concorrente,produto,10,/api/variant/rs6025,55.45,200,0,0.0707
docker,concorrente,produto,10,/api/disease/anemia-falciforme,58.68,200,0,0.0707
docker,concorrente,produto,10,/api/disease/talassemia-beta,60.47,200,0,0.0707
docker,concorrente,produto,10,/api/panel/cancer-mama-ovario-hereditario,55.94,200,0,0.0707
docker,concorrente,produto,10,/api/panel/cancer-colorretal-hereditario,55.93,200,0,0.0707
docker,concorrente,produto,10,/api/gene/MLH1,21.59,200,1,0.033
docker,concorrente,produto,10,/api/gene/HBB,20.94,200,1,0.033
docker,concorrente,produto,10,/api/gene/MSH2,32.2,200,1,0.033
docker,concorrente,produto,10,/api/variant/rs334,21.05,200,1,0.033
docker,concorrente,produto,10,/api/variant/rs1800562,18.68,200,1,0.033
docker,concorrente,produto,10,/api/variant/rs6025,21.3,200,1,0.033
docker,concorrente,produto,10,/api/disease/anemia-falciforme,23.66,200,1,0.033
docker,concorrente,produto,10,/api/disease/talassemia-beta,17.42,200,1,0.033
docker,concorrente,produto,10,/api/panel/cancer-mama-ovario-hereditario,21.59,200,1,0.033
docker,concorrente,produto,10,/api/panel/cancer-colorretal-hereditario,23.52,200,1,0.033
docker,concorrente,produto,10,/api/gene/MLH1,18.24,200,2,0.0344
docker,concorrente,produto,10,/api/gene/HBB,21.07,200,2,0.0344
docker,concorrente,produto,10,/api/gene/MSH2,33.5,200,2,0.0344
docker,concorrente,produto,10,/api/variant/rs334,19.87,200,2,0.0344
docker,concorrente,produto,10,/api/variant/rs1800562,18.0,200,2,0.0344
docker,concorrente,produto,10,/api/variant/rs6025,20.19,200,2,0.0344
docker,concorrente,produto,10,/api/disease/anemia-falciforme,24.05,200,2,0.0344
docker,concorrente,produto,10,/api/disease/talassemia-beta,17.21,200,2,0.0344
docker,concorrente,produto,10,/api/panel/cancer-mama-ovario-hereditario,20.87,200,2,0.0344
docker,concorrente,produto,10,/api/panel/cancer-colorretal-hereditario,21.87,200,2,0.0344
docker,concorrente,produto,20,/api/gene/MLH1,161.07,200,0,0.1632
docker,concorrente,produto,20,/api/gene/HBB,49.67,200,0,0.1632
docker,concorrente,produto,20,/api/gene/MSH2,149.33,200,0,0.1632
docker,concorrente,produto,20,/api/variant/rs334,47.54,200,0,0.1632
docker,concorrente,produto,20,/api/variant/rs1800562,158.79,200,0,0.1632
docker,concorrente,produto,20,/api/variant/rs6025,50.64,200,0,0.1632
docker,concorrente,produto,20,/api/disease/anemia-falciforme,62.71,200,0,0.1632
docker,concorrente,produto,20,/api/disease/talassemia-beta,146.74,200,0,0.1632
docker,concorrente,produto,20,/api/panel/cancer-mama-ovario-hereditario,144.8,200,0,0.1632
docker,concorrente,produto,20,/api/panel/cancer-colorretal-hereditario,157.77,200,0,0.1632
docker,concorrente,produto,20,/api/gene/MLH1,153.14,200,0,0.1632
docker,concorrente,produto,20,/api/gene/HBB,50.56,200,0,0.1632
docker,concorrente,produto,20,/api/gene/MSH2,149.57,200,0,0.1632
docker,concorrente,produto,20,/api/variant/rs334,154.11,200,0,0.1632
docker,concorrente,produto,20,/api/variant/rs1800562,55.33,200,0,0.1632
docker,concorrente,produto,20,/api/variant/rs6025,155.27,200,0,0.1632
docker,concorrente,produto,20,/api/disease/anemia-falciforme,65.72,200,0,0.1632
docker,concorrente,produto,20,/api/disease/talassemia-beta,64.06,200,0,0.1632
docker,concorrente,produto,20,/api/panel/cancer-mama-ovario-hereditario,155.85,200,0,0.1632
docker,concorrente,produto,20,/api/panel/cancer-colorretal-hereditario,152.17,200,0,0.1632
docker,concorrente,produto,20,/api/gene/MLH1,25.97,200,1,0.0814
docker,concorrente,produto,20,/api/gene/HBB,31.57,200,1,0.0814
docker,concorrente,produto,20,/api/gene/MSH2,77.37,200,1,0.0814
docker,concorrente,produto,20,/api/variant/rs334,42.55,200,1,0.0814
docker,concorrente,produto,20,/api/variant/rs1800562,27.46,200,1,0.0814
docker,concorrente,produto,20,/api/variant/rs6025,54.12,200,1,0.0814
docker,concorrente,produto,20,/api/disease/anemia-falciforme,76.95,200,1,0.0814
docker,concorrente,produto,20,/api/disease/talassemia-beta,33.23,200,1,0.0814
docker,concorrente,produto,20,/api/panel/cancer-mama-ovario-hereditario,76.93,200,1,0.0814
docker,concorrente,produto,20,/api/panel/cancer-colorretal-hereditario,67.47,200,1,0.0814
docker,concorrente,produto,20,/api/gene/MLH1,45.88,200,1,0.0814
docker,concorrente,produto,20,/api/gene/HBB,53.59,200,1,0.0814
docker,concorrente,produto,20,/api/gene/MSH2,53.67,200,1,0.0814
docker,concorrente,produto,20,/api/variant/rs334,58.68,200,1,0.0814
docker,concorrente,produto,20,/api/variant/rs1800562,71.32,200,1,0.0814
docker,concorrente,produto,20,/api/variant/rs6025,69.49,200,1,0.0814
docker,concorrente,produto,20,/api/disease/anemia-falciforme,62.47,200,1,0.0814
docker,concorrente,produto,20,/api/disease/talassemia-beta,51.62,200,1,0.0814
docker,concorrente,produto,20,/api/panel/cancer-mama-ovario-hereditario,66.72,200,1,0.0814
docker,concorrente,produto,20,/api/panel/cancer-colorretal-hereditario,51.61,200,1,0.0814
docker,concorrente,produto,20,/api/gene/MLH1,26.7,200,2,0.0807
docker,concorrente,produto,20,/api/gene/HBB,30.81,200,2,0.0807
docker,concorrente,produto,20,/api/gene/MSH2,77.6,200,2,0.0807
docker,concorrente,produto,20,/api/variant/rs334,40.9,200,2,0.0807
docker,concorrente,produto,20,/api/variant/rs1800562,27.07,200,2,0.0807
docker,concorrente,produto,20,/api/variant/rs6025,54.1,200,2,0.0807
docker,concorrente,produto,20,/api/disease/anemia-falciforme,74.86,200,2,0.0807
docker,concorrente,produto,20,/api/disease/talassemia-beta,32.32,200,2,0.0807
docker,concorrente,produto,20,/api/panel/cancer-mama-ovario-hereditario,75.11,200,2,0.0807
docker,concorrente,produto,20,/api/panel/cancer-colorretal-hereditario,65.48,200,2,0.0807
docker,concorrente,produto,20,/api/gene/MLH1,44.36,200,2,0.0807
docker,concorrente,produto,20,/api/gene/HBB,53.43,200,2,0.0807
docker,concorrente,produto,20,/api/gene/MSH2,53.37,200,2,0.0807
docker,concorrente,produto,20,/api/variant/rs334,58.11,200,2,0.0807
docker,concorrente,produto,20,/api/variant/rs1800562,68.54,200,2,0.0807
docker,concorrente,produto,20,/api/variant/rs6025,72.11,200,2,0.0807
docker,concorrente,produto,20,/api/disease/anemia-falciforme,60.65,200,2,0.0807
docker,concorrente,produto,20,/api/disease/talassemia-beta,51.16,200,2,0.0807
docker,concorrente,produto,20,/api/panel/cancer-mama-ovario-hereditario,66.9,200,2,0.0807
docker,concorrente,produto,20,/api/panel/cancer-colorretal-hereditario,51.93,200,2,0.0807
docker,concorrente,produto,40,/api/gene/MLH1,224.99,200,0,0.2254
docker,concorrente,produto,40,/api/gene/HBB,60.97,200,0,0.2254
docker,concorrente,produto,40,/api/gene/MSH2,99.09,200,0,0.2254
docker,concorrente,produto,40,/api/variant/rs334,62.97,200,0,0.2254
docker,concorrente,produto,40,/api/variant/rs1800562,188.76,200,0,0.2254
docker,concorrente,produto,40,/api/variant/rs6025,79.46,200,0,0.2254
docker,concorrente,produto,40,/api/disease/anemia-falciforme,88.28,200,0,0.2254
docker,concorrente,produto,40,/api/disease/talassemia-beta,63.1,200,0,0.2254
docker,concorrente,produto,40,/api/panel/cancer-mama-ovario-hereditario,64.01,200,0,0.2254
docker,concorrente,produto,40,/api/panel/cancer-colorretal-hereditario,77.35,200,0,0.2254
docker,concorrente,produto,40,/api/gene/MLH1,194.54,200,0,0.2254
docker,concorrente,produto,40,/api/gene/HBB,64.98,200,0,0.2254
docker,concorrente,produto,40,/api/gene/MSH2,98.71,200,0,0.2254
docker,concorrente,produto,40,/api/variant/rs334,60.03,200,0,0.2254
docker,concorrente,produto,40,/api/variant/rs1800562,82.36,200,0,0.2254
docker,concorrente,produto,40,/api/variant/rs6025,99.26,200,0,0.2254
docker,concorrente,produto,40,/api/disease/anemia-falciforme,65.18,200,0,0.2254
docker,concorrente,produto,40,/api/disease/talassemia-beta,71.42,200,0,0.2254
docker,concorrente,produto,40,/api/panel/cancer-mama-ovario-hereditario,93.0,200,0,0.2254
docker,concorrente,produto,40,/api/panel/cancer-colorretal-hereditario,196.48,200,0,0.2254
docker,concorrente,produto,40,/api/gene/MLH1,190.06,200,0,0.2254
docker,concorrente,produto,40,/api/gene/HBB,101.89,200,0,0.2254
docker,concorrente,produto,40,/api/gene/MSH2,103.61,200,0,0.2254
docker,concorrente,produto,40,/api/variant/rs334,210.07,200,0,0.2254
docker,concorrente,produto,40,/api/variant/rs1800562,198.93,200,0,0.2254
docker,concorrente,produto,40,/api/variant/rs6025,186.49,200,0,0.2254
docker,concorrente,produto,40,/api/disease/anemia-falciforme,180.38,200,0,0.2254
docker,concorrente,produto,40,/api/disease/talassemia-beta,106.96,200,0,0.2254
docker,concorrente,produto,40,/api/panel/cancer-mama-ovario-hereditario,177.92,200,0,0.2254
docker,concorrente,produto,40,/api/panel/cancer-colorretal-hereditario,180.82,200,0,0.2254
docker,concorrente,produto,40,/api/gene/MLH1,200.26,200,0,0.2254
docker,concorrente,produto,40,/api/gene/HBB,97.72,200,0,0.2254
docker,concorrente,produto,40,/api/gene/MSH2,211.49,200,0,0.2254
docker,concorrente,produto,40,/api/variant/rs334,212.26,200,0,0.2254
docker,concorrente,produto,40,/api/variant/rs1800562,212.83,200,0,0.2254
docker,concorrente,produto,40,/api/variant/rs6025,206.07,200,0,0.2254
docker,concorrente,produto,40,/api/disease/anemia-falciforme,213.15,200,0,0.2254
docker,concorrente,produto,40,/api/disease/talassemia-beta,189.74,200,0,0.2254
docker,concorrente,produto,40,/api/panel/cancer-mama-ovario-hereditario,204.35,200,0,0.2254
docker,concorrente,produto,40,/api/panel/cancer-colorretal-hereditario,200.55,200,0,0.2254
docker,concorrente,produto,40,/api/gene/MLH1,66.38,200,1,0.29
docker,concorrente,produto,40,/api/gene/HBB,68.56,200,1,0.29
docker,concorrente,produto,40,/api/gene/MSH2,287.71,200,1,0.29
docker,concorrente,produto,40,/api/variant/rs334,85.84,200,1,0.29
docker,concorrente,produto,40,/api/variant/rs1800562,67.33,200,1,0.29
docker,concorrente,produto,40,/api/variant/rs6025,238.3,200,1,0.29
docker,concorrente,produto,40,/api/disease/anemia-falciforme,254.46,200,1,0.29
docker,concorrente,produto,40,/api/disease/talassemia-beta,73.49,200,1,0.29
docker,concorrente,produto,40,/api/panel/cancer-mama-ovario-hereditario,85.86,200,1,0.29
docker,concorrente,produto,40,/api/panel/cancer-colorretal-hereditario,125.3,200,1,0.29
docker,concorrente,produto,40,/api/gene/MLH1,88.87,200,1,0.29
docker,concorrente,produto,40,/api/gene/HBB,223.01,200,1,0.29
docker,concorrente,produto,40,/api/gene/MSH2,105.91,200,1,0.29
docker,concorrente,produto,40,/api/variant/rs334,91.05,200,1,0.29
docker,concorrente,produto,40,/api/variant/rs1800562,140.6,200,1,0.29
docker,concorrente,produto,40,/api/variant/rs6025,212.19,200,1,0.29
docker,concorrente,produto,40,/api/disease/anemia-falciforme,270.61,200,1,0.29
docker,concorrente,produto,40,/api/disease/talassemia-beta,142.22,200,1,0.29
docker,concorrente,produto,40,/api/panel/cancer-mama-ovario-hereditario,100.97,200,1,0.29
docker,concorrente,produto,40,/api/panel/cancer-colorretal-hereditario,108.43,200,1,0.29
docker,concorrente,produto,40,/api/gene/MLH1,264.18,200,1,0.29
docker,concorrente,produto,40,/api/gene/HBB,203.12,200,1,0.29
docker,concorrente,produto,40,/api/gene/MSH2,127.16,200,1,0.29
docker,concorrente,produto,40,/api/variant/rs334,252.08,200,1,0.29
docker,concorrente,produto,40,/api/variant/rs1800562,123.17,200,1,0.29
docker,concorrente,produto,40,/api/variant/rs6025,163.32,200,1,0.29
docker,concorrente,produto,40,/api/disease/anemia-falciforme,133.67,200,1,0.29
docker,concorrente,produto,40,/api/disease/talassemia-beta,210.07,200,1,0.29
docker,concorrente,produto,40,/api/panel/cancer-mama-ovario-hereditario,143.91,200,1,0.29
docker,concorrente,produto,40,/api/panel/cancer-colorretal-hereditario,138.91,200,1,0.29
docker,concorrente,produto,40,/api/gene/MLH1,172.41,200,1,0.29
docker,concorrente,produto,40,/api/gene/HBB,249.65,200,1,0.29
docker,concorrente,produto,40,/api/gene/MSH2,240.49,200,1,0.29
docker,concorrente,produto,40,/api/variant/rs334,147.15,200,1,0.29
docker,concorrente,produto,40,/api/variant/rs1800562,162.87,200,1,0.29
docker,concorrente,produto,40,/api/variant/rs6025,224.26,200,1,0.29
docker,concorrente,produto,40,/api/disease/anemia-falciforme,217.14,200,1,0.29
docker,concorrente,produto,40,/api/disease/talassemia-beta,165.66,200,1,0.29
docker,concorrente,produto,40,/api/panel/cancer-mama-ovario-hereditario,216.04,200,1,0.29
docker,concorrente,produto,40,/api/panel/cancer-colorretal-hereditario,206.63,200,1,0.29
docker,concorrente,produto,40,/api/gene/MLH1,65.75,200,2,0.3388
docker,concorrente,produto,40,/api/gene/HBB,69.41,200,2,0.3388
docker,concorrente,produto,40,/api/gene/MSH2,281.85,200,2,0.3388
docker,concorrente,produto,40,/api/variant/rs334,95.14,200,2,0.3388
docker,concorrente,produto,40,/api/variant/rs1800562,67.12,200,2,0.3388
docker,concorrente,produto,40,/api/variant/rs6025,283.11,200,2,0.3388
docker,concorrente,produto,40,/api/disease/anemia-falciforme,299.33,200,2,0.3388
docker,concorrente,produto,40,/api/disease/talassemia-beta,80.03,200,2,0.3388
docker,concorrente,produto,40,/api/panel/cancer-mama-ovario-hereditario,165.4,200,2,0.3388
docker,concorrente,produto,40,/api/panel/cancer-colorretal-hereditario,141.04,200,2,0.3388
docker,concorrente,produto,40,/api/gene/MLH1,104.98,200,2,0.3388
docker,concorrente,produto,40,/api/gene/HBB,121.15,200,2,0.3388
docker,concorrente,produto,40,/api/gene/MSH2,325.92,200,2,0.3388
docker,concorrente,produto,40,/api/variant/rs334,171.48,200,2,0.3388
docker,concorrente,produto,40,/api/variant/rs1800562,114.12,200,2,0.3388
docker,concorrente,produto,40,/api/variant/rs6025,307.18,200,2,0.3388
docker,concorrente,produto,40,/api/disease/anemia-falciforme,144.59,200,2,0.3388
docker,concorrente,produto,40,/api/disease/talassemia-beta,301.47,200,2,0.3388
docker,concorrente,produto,40,/api/panel/cancer-mama-ovario-hereditario,206.89,200,2,0.3388
docker,concorrente,produto,40,/api/panel/cancer-colorretal-hereditario,143.83,200,2,0.3388
docker,concorrente,produto,40,/api/gene/MLH1,208.75,200,2,0.3388
docker,concorrente,produto,40,/api/gene/HBB,176.14,200,2,0.3388
docker,concorrente,produto,40,/api/gene/MSH2,292.08,200,2,0.3388
docker,concorrente,produto,40,/api/variant/rs334,268.9,200,2,0.3388
docker,concorrente,produto,40,/api/variant/rs1800562,259.88,200,2,0.3388
docker,concorrente,produto,40,/api/variant/rs6025,194.07,200,2,0.3388
docker,concorrente,produto,40,/api/disease/anemia-falciforme,206.9,200,2,0.3388
docker,concorrente,produto,40,/api/disease/talassemia-beta,192.7,200,2,0.3388
docker,concorrente,produto,40,/api/panel/cancer-mama-ovario-hereditario,307.02,200,2,0.3388
docker,concorrente,produto,40,/api/panel/cancer-colorretal-hereditario,208.34,200,2,0.3388
docker,concorrente,produto,40,/api/gene/MLH1,286.77,200,2,0.3388
docker,concorrente,produto,40,/api/gene/HBB,206.97,200,2,0.3388
docker,concorrente,produto,40,/api/gene/MSH2,301.19,200,2,0.3388
docker,concorrente,produto,40,/api/variant/rs334,226.68,200,2,0.3388
docker,concorrente,produto,40,/api/variant/rs1800562,237.73,200,2,0.3388
docker,concorrente,produto,40,/api/variant/rs6025,228.31,200,2,0.3388
docker,concorrente,produto,40,/api/disease/anemia-falciforme,212.97,200,2,0.3388
docker,concorrente,produto,40,/api/disease/talassemia-beta,270.84,200,2,0.3388
docker,concorrente,produto,40,/api/panel/cancer-mama-ovario-hereditario,297.37,200,2,0.3388
docker,concorrente,produto,40,/api/panel/cancer-colorretal-hereditario,233.18,200,2,0.3388
docker,concorrente,produto,80,/api/gene/MLH1,390.73,200,0,0.3912
docker,concorrente,produto,80,/api/gene/HBB,79.62,200,0,0.3912
docker,concorrente,produto,80,/api/gene/MSH2,95.62,200,0,0.3912
docker,concorrente,produto,80,/api/variant/rs334,109.03,200,0,0.3912
docker,concorrente,produto,80,/api/variant/rs1800562,107.04,200,0,0.3912
docker,concorrente,produto,80,/api/variant/rs6025,88.06,200,0,0.3912
docker,concorrente,produto,80,/api/disease/anemia-falciforme,96.09,200,0,0.3912
docker,concorrente,produto,80,/api/disease/talassemia-beta,92.7,200,0,0.3912
docker,concorrente,produto,80,/api/panel/cancer-mama-ovario-hereditario,138.29,200,0,0.3912
docker,concorrente,produto,80,/api/panel/cancer-colorretal-hereditario,102.15,200,0,0.3912
docker,concorrente,produto,80,/api/gene/MLH1,95.95,200,0,0.3912
docker,concorrente,produto,80,/api/gene/HBB,78.73,200,0,0.3912
docker,concorrente,produto,80,/api/gene/MSH2,100.54,200,0,0.3912
docker,concorrente,produto,80,/api/variant/rs334,83.89,200,0,0.3912
docker,concorrente,produto,80,/api/variant/rs1800562,96.54,200,0,0.3912
docker,concorrente,produto,80,/api/variant/rs6025,121.26,200,0,0.3912
docker,concorrente,produto,80,/api/disease/anemia-falciforme,111.49,200,0,0.3912
docker,concorrente,produto,80,/api/disease/talassemia-beta,112.55,200,0,0.3912
docker,concorrente,produto,80,/api/panel/cancer-mama-ovario-hereditario,97.51,200,0,0.3912
docker,concorrente,produto,80,/api/panel/cancer-colorretal-hereditario,108.96,200,0,0.3912
docker,concorrente,produto,80,/api/gene/MLH1,130.64,200,0,0.3912
docker,concorrente,produto,80,/api/gene/HBB,118.62,200,0,0.3912
docker,concorrente,produto,80,/api/gene/MSH2,137.11,200,0,0.3912
docker,concorrente,produto,80,/api/variant/rs334,131.87,200,0,0.3912
docker,concorrente,produto,80,/api/variant/rs1800562,170.21,200,0,0.3912
docker,concorrente,produto,80,/api/variant/rs6025,114.51,200,0,0.3912
docker,concorrente,produto,80,/api/disease/anemia-falciforme,126.51,200,0,0.3912
docker,concorrente,produto,80,/api/disease/talassemia-beta,157.17,200,0,0.3912
docker,concorrente,produto,80,/api/panel/cancer-mama-ovario-hereditario,123.9,200,0,0.3912
docker,concorrente,produto,80,/api/panel/cancer-colorretal-hereditario,142.78,200,0,0.3912
docker,concorrente,produto,80,/api/gene/MLH1,255.04,200,0,0.3912
docker,concorrente,produto,80,/api/gene/HBB,157.59,200,0,0.3912
docker,concorrente,produto,80,/api/gene/MSH2,118.16,200,0,0.3912
docker,concorrente,produto,80,/api/variant/rs334,151.67,200,0,0.3912
docker,concorrente,produto,80,/api/variant/rs1800562,284.82,200,0,0.3912
docker,concorrente,produto,80,/api/variant/rs6025,134.59,200,0,0.3912
docker,concorrente,produto,80,/api/disease/anemia-falciforme,142.37,200,0,0.3912
docker,concorrente,produto,80,/api/disease/talassemia-beta,136.53,200,0,0.3912
docker,concorrente,produto,80,/api/panel/cancer-mama-ovario-hereditario,157.68,200,0,0.3912
docker,concorrente,produto,80,/api/panel/cancer-colorretal-hereditario,274.37,200,0,0.3912
docker,concorrente,produto,80,/api/gene/MLH1,255.91,200,0,0.3912
docker,concorrente,produto,80,/api/gene/HBB,168.33,200,0,0.3912
docker,concorrente,produto,80,/api/gene/MSH2,146.52,200,0,0.3912
docker,concorrente,produto,80,/api/variant/rs334,143.77,200,0,0.3912
docker,concorrente,produto,80,/api/variant/rs1800562,248.01,200,0,0.3912
docker,concorrente,produto,80,/api/variant/rs6025,258.25,200,0,0.3912
docker,concorrente,produto,80,/api/disease/anemia-falciforme,332.66,200,0,0.3912
docker,concorrente,produto,80,/api/disease/talassemia-beta,295.58,200,0,0.3912
docker,concorrente,produto,80,/api/panel/cancer-mama-ovario-hereditario,260.86,200,0,0.3912
docker,concorrente,produto,80,/api/panel/cancer-colorretal-hereditario,269.34,200,0,0.3912
docker,concorrente,produto,80,/api/gene/MLH1,265.42,200,0,0.3912
docker,concorrente,produto,80,/api/gene/HBB,364.02,200,0,0.3912
docker,concorrente,produto,80,/api/gene/MSH2,299.22,200,0,0.3912
docker,concorrente,produto,80,/api/variant/rs334,274.69,200,0,0.3912
docker,concorrente,produto,80,/api/variant/rs1800562,290.46,200,0,0.3912
docker,concorrente,produto,80,/api/variant/rs6025,311.85,200,0,0.3912
docker,concorrente,produto,80,/api/disease/anemia-falciforme,283.16,200,0,0.3912
docker,concorrente,produto,80,/api/disease/talassemia-beta,286.12,200,0,0.3912
docker,concorrente,produto,80,/api/panel/cancer-mama-ovario-hereditario,356.55,200,0,0.3912
docker,concorrente,produto,80,/api/panel/cancer-colorretal-hereditario,333.2,200,0,0.3912
docker,concorrente,produto,80,/api/gene/MLH1,301.04,200,0,0.3912
docker,concorrente,produto,80,/api/gene/HBB,304.86,200,0,0.3912
docker,concorrente,produto,80,/api/gene/MSH2,370.07,200,0,0.3912
docker,concorrente,produto,80,/api/variant/rs334,321.36,200,0,0.3912
docker,concorrente,produto,80,/api/variant/rs1800562,316.97,200,0,0.3912
docker,concorrente,produto,80,/api/variant/rs6025,347.68,200,0,0.3912
docker,concorrente,produto,80,/api/disease/anemia-falciforme,339.38,200,0,0.3912
docker,concorrente,produto,80,/api/disease/talassemia-beta,334.14,200,0,0.3912
docker,concorrente,produto,80,/api/panel/cancer-mama-ovario-hereditario,312.69,200,0,0.3912
docker,concorrente,produto,80,/api/panel/cancer-colorretal-hereditario,340.44,200,0,0.3912
docker,concorrente,produto,80,/api/gene/MLH1,361.71,200,0,0.3912
docker,concorrente,produto,80,/api/gene/HBB,365.7,200,0,0.3912
docker,concorrente,produto,80,/api/gene/MSH2,363.41,200,0,0.3912
docker,concorrente,produto,80,/api/variant/rs334,335.77,200,0,0.3912
docker,concorrente,produto,80,/api/variant/rs1800562,351.04,200,0,0.3912
docker,concorrente,produto,80,/api/variant/rs6025,348.93,200,0,0.3912
docker,concorrente,produto,80,/api/disease/anemia-falciforme,346.92,200,0,0.3912
docker,concorrente,produto,80,/api/disease/talassemia-beta,355.95,200,0,0.3912
docker,concorrente,produto,80,/api/panel/cancer-mama-ovario-hereditario,342.79,200,0,0.3912
docker,concorrente,produto,80,/api/panel/cancer-colorretal-hereditario,353.52,200,0,0.3912
docker,concorrente,produto,80,/api/gene/MLH1,253.81,200,1,1.2254
docker,concorrente,produto,80,/api/gene/HBB,249.14,200,1,1.2254
docker,concorrente,produto,80,/api/gene/MSH2,1011.07,200,1,1.2254
docker,concorrente,produto,80,/api/variant/rs334,271.51,200,1,1.2254
docker,concorrente,produto,80,/api/variant/rs1800562,233.89,200,1,1.2254
docker,concorrente,produto,80,/api/variant/rs6025,376.85,200,1,1.2254
docker,concorrente,produto,80,/api/disease/anemia-falciforme,301.45,200,1,1.2254
docker,concorrente,produto,80,/api/disease/talassemia-beta,244.25,200,1,1.2254
docker,concorrente,produto,80,/api/panel/cancer-mama-ovario-hereditario,290.68,200,1,1.2254
docker,concorrente,produto,80,/api/panel/cancer-colorretal-hereditario,1096.73,200,1,1.2254
docker,concorrente,produto,80,/api/gene/MLH1,404.31,200,1,1.2254
docker,concorrente,produto,80,/api/gene/HBB,339.71,200,1,1.2254
docker,concorrente,produto,80,/api/gene/MSH2,279.64,200,1,1.2254
docker,concorrente,produto,80,/api/variant/rs334,266.55,200,1,1.2254
docker,concorrente,produto,80,/api/variant/rs1800562,1190.7,200,1,1.2254
docker,concorrente,produto,80,/api/variant/rs6025,1161.23,200,1,1.2254
docker,concorrente,produto,80,/api/disease/anemia-falciforme,289.37,200,1,1.2254
docker,concorrente,produto,80,/api/disease/talassemia-beta,396.93,200,1,1.2254
docker,concorrente,produto,80,/api/panel/cancer-mama-ovario-hereditario,452.76,200,1,1.2254
docker,concorrente,produto,80,/api/panel/cancer-colorretal-hereditario,305.09,200,1,1.2254
docker,concorrente,produto,80,/api/gene/MLH1,328.83,200,1,1.2254
docker,concorrente,produto,80,/api/gene/HBB,338.29,200,1,1.2254
docker,concorrente,produto,80,/api/gene/MSH2,1007.25,200,1,1.2254
docker,concorrente,produto,80,/api/variant/rs334,461.25,200,1,1.2254
docker,concorrente,produto,80,/api/variant/rs1800562,1087.85,200,1,1.2254
docker,concorrente,produto,80,/api/variant/rs6025,486.37,200,1,1.2254
docker,concorrente,produto,80,/api/disease/anemia-falciforme,355.64,200,1,1.2254
docker,concorrente,produto,80,/api/disease/talassemia-beta,504.91,200,1,1.2254
docker,concorrente,produto,80,/api/panel/cancer-mama-ovario-hereditario,588.58,200,1,1.2254
docker,concorrente,produto,80,/api/panel/cancer-colorretal-hereditario,373.7,200,1,1.2254
docker,concorrente,produto,80,/api/gene/MLH1,427.25,200,1,1.2254
docker,concorrente,produto,80,/api/gene/HBB,967.01,200,1,1.2254
docker,concorrente,produto,80,/api/gene/MSH2,1007.5,200,1,1.2254
docker,concorrente,produto,80,/api/variant/rs334,1079.13,200,1,1.2254
docker,concorrente,produto,80,/api/variant/rs1800562,453.04,200,1,1.2254
docker,concorrente,produto,80,/api/variant/rs6025,446.29,200,1,1.2254
docker,concorrente,produto,80,/api/disease/anemia-falciforme,509.13,200,1,1.2254
docker,concorrente,produto,80,/api/disease/talassemia-beta,478.39,200,1,1.2254
docker,concorrente,produto,80,/api/panel/cancer-mama-ovario-hereditario,530.39,200,1,1.2254
docker,concorrente,produto,80,/api/panel/cancer-colorretal-hereditario,464.33,200,1,1.2254
docker,concorrente,produto,80,/api/gene/MLH1,1056.27,200,1,1.2254
docker,concorrente,produto,80,/api/gene/HBB,537.38,200,1,1.2254
docker,concorrente,produto,80,/api/gene/MSH2,569.51,200,1,1.2254
docker,concorrente,produto,80,/api/variant/rs334,509.52,200,1,1.2254
docker,concorrente,produto,80,/api/variant/rs1800562,1031.83,200,1,1.2254
docker,concorrente,produto,80,/api/variant/rs6025,699.51,200,1,1.2254
docker,concorrente,produto,80,/api/disease/anemia-falciforme,566.75,200,1,1.2254
docker,concorrente,produto,80,/api/disease/talassemia-beta,513.9,200,1,1.2254
docker,concorrente,produto,80,/api/panel/cancer-mama-ovario-hereditario,974.76,200,1,1.2254
docker,concorrente,produto,80,/api/panel/cancer-colorretal-hereditario,648.13,200,1,1.2254
docker,concorrente,produto,80,/api/gene/MLH1,649.92,200,1,1.2254
docker,concorrente,produto,80,/api/gene/HBB,908.77,200,1,1.2254
docker,concorrente,produto,80,/api/gene/MSH2,575.85,200,1,1.2254
docker,concorrente,produto,80,/api/variant/rs334,611.88,200,1,1.2254
docker,concorrente,produto,80,/api/variant/rs1800562,581.43,200,1,1.2254
docker,concorrente,produto,80,/api/variant/rs6025,822.31,200,1,1.2254
docker,concorrente,produto,80,/api/disease/anemia-falciforme,697.15,200,1,1.2254
docker,concorrente,produto,80,/api/disease/talassemia-beta,677.31,200,1,1.2254
docker,concorrente,produto,80,/api/panel/cancer-mama-ovario-hereditario,651.57,200,1,1.2254
docker,concorrente,produto,80,/api/panel/cancer-colorretal-hereditario,617.1,200,1,1.2254
docker,concorrente,produto,80,/api/gene/MLH1,1081.0,200,1,1.2254
docker,concorrente,produto,80,/api/gene/HBB,990.52,200,1,1.2254
docker,concorrente,produto,80,/api/gene/MSH2,752.43,200,1,1.2254
docker,concorrente,produto,80,/api/variant/rs334,1053.03,200,1,1.2254
docker,concorrente,produto,80,/api/variant/rs1800562,701.06,200,1,1.2254
docker,concorrente,produto,80,/api/variant/rs6025,1019.44,200,1,1.2254
docker,concorrente,produto,80,/api/disease/anemia-falciforme,750.15,200,1,1.2254
docker,concorrente,produto,80,/api/disease/talassemia-beta,834.17,200,1,1.2254
docker,concorrente,produto,80,/api/panel/cancer-mama-ovario-hereditario,725.14,200,1,1.2254
docker,concorrente,produto,80,/api/panel/cancer-colorretal-hereditario,690.42,200,1,1.2254
docker,concorrente,produto,80,/api/gene/MLH1,916.65,200,1,1.2254
docker,concorrente,produto,80,/api/gene/HBB,1048.47,200,1,1.2254
docker,concorrente,produto,80,/api/gene/MSH2,749.68,200,1,1.2254
docker,concorrente,produto,80,/api/variant/rs334,982.66,200,1,1.2254
docker,concorrente,produto,80,/api/variant/rs1800562,749.37,200,1,1.2254
docker,concorrente,produto,80,/api/variant/rs6025,1011.93,200,1,1.2254
docker,concorrente,produto,80,/api/disease/anemia-falciforme,796.77,200,1,1.2254
docker,concorrente,produto,80,/api/disease/talassemia-beta,991.44,200,1,1.2254
docker,concorrente,produto,80,/api/panel/cancer-mama-ovario-hereditario,994.02,200,1,1.2254
docker,concorrente,produto,80,/api/panel/cancer-colorretal-hereditario,993.67,200,1,1.2254
docker,concorrente,produto,80,/api/gene/MLH1,286.18,200,2,1.1642
docker,concorrente,produto,80,/api/gene/HBB,281.27,200,2,1.1642
docker,concorrente,produto,80,/api/gene/MSH2,1147.44,200,2,1.1642
docker,concorrente,produto,80,/api/variant/rs334,302.61,200,2,1.1642
docker,concorrente,produto,80,/api/variant/rs1800562,255.79,200,2,1.1642
docker,concorrente,produto,80,/api/variant/rs6025,409.94,200,2,1.1642
docker,concorrente,produto,80,/api/disease/anemia-falciforme,331.15,200,2,1.1642
docker,concorrente,produto,80,/api/disease/talassemia-beta,274.64,200,2,1.1642
docker,concorrente,produto,80,/api/panel/cancer-mama-ovario-hereditario,319.9,200,2,1.1642
docker,concorrente,produto,80,/api/panel/cancer-colorretal-hereditario,938.27,200,2,1.1642
docker,concorrente,produto,80,/api/gene/MLH1,436.12,200,2,1.1642
docker,concorrente,produto,80,/api/gene/HBB,367.56,200,2,1.1642
docker,concorrente,produto,80,/api/gene/MSH2,319.6,200,2,1.1642
docker,concorrente,produto,80,/api/variant/rs334,296.7,200,2,1.1642
docker,concorrente,produto,80,/api/variant/rs1800562,973.8,200,2,1.1642
docker,concorrente,produto,80,/api/variant/rs6025,1004.64,200,2,1.1642
docker,concorrente,produto,80,/api/disease/anemia-falciforme,323.24,200,2,1.1642
docker,concorrente,produto,80,/api/disease/talassemia-beta,428.44,200,2,1.1642
docker,concorrente,produto,80,/api/panel/cancer-mama-ovario-hereditario,458.22,200,2,1.1642
docker,concorrente,produto,80,/api/panel/cancer-colorretal-hereditario,341.77,200,2,1.1642
docker,concorrente,produto,80,/api/gene/MLH1,366.37,200,2,1.1642
docker,concorrente,produto,80,/api/gene/HBB,376.79,200,2,1.1642
docker,concorrente,produto,80,/api/gene/MSH2,965.25,200,2,1.1642
docker,concorrente,produto,80,/api/variant/rs334,467.0,200,2,1.1642
docker,concorrente,produto,80,/api/variant/rs1800562,1076.89,200,2,1.1642
docker,concorrente,produto,80,/api/variant/rs6025,1078.92,200,2,1.1642
docker,concorrente,produto,80,/api/disease/anemia-falciforme,394.62,200,2,1.1642
docker,concorrente,produto,80,/api/disease/talassemia-beta,472.65,200,2,1.1642
docker,concorrente,produto,80,/api/panel/cancer-mama-ovario-hereditario,568.91,200,2,1.1642
docker,concorrente,produto,80,/api/panel/cancer-colorretal-hereditario,402.85,200,2,1.1642
docker,concorrente,produto,80,/api/gene/MLH1,423.77,200,2,1.1642
docker,concorrente,produto,80,/api/gene/HBB,1072.9,200,2,1.1642
docker,concorrente,produto,80,/api/gene/MSH2,1088.32,200,2,1.1642
docker,concorrente,produto,80,/api/variant/rs334,498.65,200,2,1.1642
docker,concorrente,produto,80,/api/variant/rs1800562,450.68,200,2,1.1642
docker,concorrente,produto,80,/api/variant/rs6025,710.65,200,2,1.1642
docker,concorrente,produto,80,/api/disease/anemia-falciforme,479.74,200,2,1.1642
docker,concorrente,produto,80,/api/disease/talassemia-beta,545.64,200,2,1.1642
docker,concorrente,produto,80,/api/panel/cancer-mama-ovario-hereditario,457.14,200,2,1.1642
docker,concorrente,produto,80,/api/panel/cancer-colorretal-hereditario,546.58,200,2,1.1642
docker,concorrente,produto,80,/api/gene/MLH1,555.56,200,2,1.1642
docker,concorrente,produto,80,/api/gene/HBB,586.23,200,2,1.1642
docker,concorrente,produto,80,/api/gene/MSH2,992.44,200,2,1.1642
docker,concorrente,produto,80,/api/variant/rs334,539.31,200,2,1.1642
docker,concorrente,produto,80,/api/variant/rs1800562,608.25,200,2,1.1642
docker,concorrente,produto,80,/api/variant/rs6025,702.53,200,2,1.1642
docker,concorrente,produto,80,/api/disease/anemia-falciforme,619.75,200,2,1.1642
docker,concorrente,produto,80,/api/disease/talassemia-beta,534.94,200,2,1.1642
docker,concorrente,produto,80,/api/panel/cancer-mama-ovario-hereditario,661.02,200,2,1.1642
docker,concorrente,produto,80,/api/panel/cancer-colorretal-hereditario,833.38,200,2,1.1642
docker,concorrente,produto,80,/api/gene/MLH1,944.64,200,2,1.1642
docker,concorrente,produto,80,/api/gene/HBB,636.93,200,2,1.1642
docker,concorrente,produto,80,/api/gene/MSH2,588.22,200,2,1.1642
docker,concorrente,produto,80,/api/variant/rs334,613.2,200,2,1.1642
docker,concorrente,produto,80,/api/variant/rs1800562,589.83,200,2,1.1642
docker,concorrente,produto,80,/api/variant/rs6025,735.91,200,2,1.1642
docker,concorrente,produto,80,/api/disease/anemia-falciforme,971.86,200,2,1.1642
docker,concorrente,produto,80,/api/disease/talassemia-beta,953.91,200,2,1.1642
docker,concorrente,produto,80,/api/panel/cancer-mama-ovario-hereditario,972.18,200,2,1.1642
docker,concorrente,produto,80,/api/panel/cancer-colorretal-hereditario,623.91,200,2,1.1642
docker,concorrente,produto,80,/api/gene/MLH1,792.38,200,2,1.1642
docker,concorrente,produto,80,/api/gene/HBB,649.51,200,2,1.1642
docker,concorrente,produto,80,/api/gene/MSH2,688.26,200,2,1.1642
docker,concorrente,produto,80,/api/variant/rs334,975.35,200,2,1.1642
docker,concorrente,produto,80,/api/variant/rs1800562,700.8,200,2,1.1642
docker,concorrente,produto,80,/api/variant/rs6025,670.34,200,2,1.1642
docker,concorrente,produto,80,/api/disease/anemia-falciforme,1001.42,200,2,1.1642
docker,concorrente,produto,80,/api/disease/talassemia-beta,680.5,200,2,1.1642
docker,concorrente,produto,80,/api/panel/cancer-mama-ovario-hereditario,978.37,200,2,1.1642
docker,concorrente,produto,80,/api/panel/cancer-colorretal-hereditario,736.3,200,2,1.1642
docker,concorrente,produto,80,/api/gene/MLH1,751.51,200,2,1.1642
docker,concorrente,produto,80,/api/gene/HBB,756.66,200,2,1.1642
docker,concorrente,produto,80,/api/gene/MSH2,744.98,200,2,1.1642
docker,concorrente,produto,80,/api/variant/rs334,768.94,200,2,1.1642
docker,concorrente,produto,80,/api/variant/rs1800562,839.07,200,2,1.1642
docker,concorrente,produto,80,/api/variant/rs6025,986.33,200,2,1.1642
docker,concorrente,produto,80,/api/disease/anemia-falciforme,798.76,200,2,1.1642
docker,concorrente,produto,80,/api/disease/talassemia-beta,903.18,200,2,1.1642
docker,concorrente,produto,80,/api/panel/cancer-mama-ovario-hereditario,791.25,200,2,1.1642
docker,concorrente,produto,80,/api/panel/cancer-colorretal-hereditario,801.32,200,2,1.1642
docker,concorrente,produto,160,/api/gene/MLH1,1071.68,200,0,1.0791
docker,concorrente,produto,160,/api/gene/HBB,354.35,200,0,1.0791
docker,concorrente,produto,160,/api/gene/MSH2,209.71,200,0,1.0791
docker,concorrente,produto,160,/api/variant/rs334,208.19,200,0,1.0791
docker,concorrente,produto,160,/api/variant/rs1800562,188.23,200,0,1.0791
docker,concorrente,produto,160,/api/variant/rs6025,356.58,200,0,1.0791
docker,concorrente,produto,160,/api/disease/anemia-falciforme,177.11,200,0,1.0791
docker,concorrente,produto,160,/api/disease/talassemia-beta,310.25,200,0,1.0791
docker,concorrente,produto,160,/api/panel/cancer-mama-ovario-hereditario,162.86,200,0,1.0791
docker,concorrente,produto,160,/api/panel/cancer-colorretal-hereditario,311.36,200,0,1.0791
docker,concorrente,produto,160,/api/gene/MLH1,198.29,200,0,1.0791
docker,concorrente,produto,160,/api/gene/HBB,346.0,200,0,1.0791
docker,concorrente,produto,160,/api/gene/MSH2,323.32,200,0,1.0791
docker,concorrente,produto,160,/api/variant/rs334,174.29,200,0,1.0791
docker,concorrente,produto,160,/api/variant/rs1800562,183.67,200,0,1.0791
docker,concorrente,produto,160,/api/variant/rs6025,362.88,200,0,1.0791
docker,concorrente,produto,160,/api/disease/anemia-falciforme,333.04,200,0,1.0791
docker,concorrente,produto,160,/api/disease/talassemia-beta,339.87,200,0,1.0791
docker,concorrente,produto,160,/api/panel/cancer-mama-ovario-hereditario,347.0,200,0,1.0791
docker,concorrente,produto,160,/api/panel/cancer-colorretal-hereditario,316.5,200,0,1.0791
docker,concorrente,produto,160,/api/gene/MLH1,327.43,200,0,1.0791
docker,concorrente,produto,160,/api/gene/HBB,353.41,200,0,1.0791
docker,concorrente,produto,160,/api/gene/MSH2,330.45,200,0,1.0791
docker,concorrente,produto,160,/api/variant/rs334,349.46,200,0,1.0791
docker,concorrente,produto,160,/api/variant/rs1800562,377.1,200,0,1.0791
docker,concorrente,produto,160,/api/variant/rs6025,347.06,200,0,1.0791
docker,concorrente,produto,160,/api/disease/anemia-falciforme,386.67,200,0,1.0791
docker,concorrente,produto,160,/api/disease/talassemia-beta,369.3,200,0,1.0791
docker,concorrente,produto,160,/api/panel/cancer-mama-ovario-hereditario,371.94,200,0,1.0791
docker,concorrente,produto,160,/api/panel/cancer-colorretal-hereditario,353.63,200,0,1.0791
docker,concorrente,produto,160,/api/gene/MLH1,511.86,200,0,1.0791
docker,concorrente,produto,160,/api/gene/HBB,395.04,200,0,1.0791
docker,concorrente,produto,160,/api/gene/MSH2,449.28,200,0,1.0791
docker,concorrente,produto,160,/api/variant/rs334,358.05,200,0,1.0791
docker,concorrente,produto,160,/api/variant/rs1800562,381.14,200,0,1.0791
docker,concorrente,produto,160,/api/variant/rs6025,407.31,200,0,1.0791
docker,concorrente,produto,160,/api/disease/anemia-falciforme,361.71,200,0,1.0791
docker,concorrente,produto,160,/api/disease/talassemia-beta,358.37,200,0,1.0791
docker,concorrente,produto,160,/api/panel/cancer-mama-ovario-hereditario,409.95,200,0,1.0791
docker,concorrente,produto,160,/api/panel/cancer-colorretal-hereditario,423.36,200,0,1.0791
docker,concorrente,produto,160,/api/gene/MLH1,395.52,200,0,1.0791
docker,concorrente,produto,160,/api/gene/HBB,388.09,200,0,1.0791
docker,concorrente,produto,160,/api/gene/MSH2,375.46,200,0,1.0791
docker,concorrente,produto,160,/api/variant/rs334,429.9,200,0,1.0791
docker,concorrente,produto,160,/api/variant/rs1800562,384.35,200,0,1.0791
docker,concorrente,produto,160,/api/variant/rs6025,411.37,200,0,1.0791
docker,concorrente,produto,160,/api/disease/anemia-falciforme,465.76,200,0,1.0791
docker,concorrente,produto,160,/api/disease/talassemia-beta,396.43,200,0,1.0791
docker,concorrente,produto,160,/api/panel/cancer-mama-ovario-hereditario,424.81,200,0,1.0791
docker,concorrente,produto,160,/api/panel/cancer-colorretal-hereditario,469.33,200,0,1.0791
docker,concorrente,produto,160,/api/gene/MLH1,751.25,200,0,1.0791
docker,concorrente,produto,160,/api/gene/HBB,435.39,200,0,1.0791
docker,concorrente,produto,160,/api/gene/MSH2,413.64,200,0,1.0791
docker,concorrente,produto,160,/api/variant/rs334,455.68,200,0,1.0791
docker,concorrente,produto,160,/api/variant/rs1800562,398.42,200,0,1.0791
docker,concorrente,produto,160,/api/variant/rs6025,478.51,200,0,1.0791
docker,concorrente,produto,160,/api/disease/anemia-falciforme,446.14,200,0,1.0791
docker,concorrente,produto,160,/api/disease/talassemia-beta,694.65,200,0,1.0791
docker,concorrente,produto,160,/api/panel/cancer-mama-ovario-hereditario,487.71,200,0,1.0791
docker,concorrente,produto,160,/api/panel/cancer-colorretal-hereditario,458.11,200,0,1.0791
docker,concorrente,produto,160,/api/gene/MLH1,577.16,200,0,1.0791
docker,concorrente,produto,160,/api/gene/HBB,436.73,200,0,1.0791
docker,concorrente,produto,160,/api/gene/MSH2,582.71,200,0,1.0791
docker,concorrente,produto,160,/api/variant/rs334,448.61,200,0,1.0791
docker,concorrente,produto,160,/api/variant/rs1800562,528.6,200,0,1.0791
docker,concorrente,produto,160,/api/variant/rs6025,533.82,200,0,1.0791
docker,concorrente,produto,160,/api/disease/anemia-falciforme,471.03,200,0,1.0791
docker,concorrente,produto,160,/api/disease/talassemia-beta,560.03,200,0,1.0791
docker,concorrente,produto,160,/api/panel/cancer-mama-ovario-hereditario,491.66,200,0,1.0791
docker,concorrente,produto,160,/api/panel/cancer-colorretal-hereditario,479.82,200,0,1.0791
docker,concorrente,produto,160,/api/gene/MLH1,567.77,200,0,1.0791
docker,concorrente,produto,160,/api/gene/HBB,592.22,200,0,1.0791
docker,concorrente,produto,160,/api/gene/MSH2,586.2,200,0,1.0791
docker,concorrente,produto,160,/api/variant/rs334,504.91,200,0,1.0791
docker,concorrente,produto,160,/api/variant/rs1800562,509.96,200,0,1.0791
docker,concorrente,produto,160,/api/variant/rs6025,547.96,200,0,1.0791
docker,concorrente,produto,160,/api/disease/anemia-falciforme,520.51,200,0,1.0791
docker,concorrente,produto,160,/api/disease/talassemia-beta,514.69,200,0,1.0791
docker,concorrente,produto,160,/api/panel/cancer-mama-ovario-hereditario,620.4,200,0,1.0791
docker,concorrente,produto,160,/api/panel/cancer-colorretal-hereditario,552.43,200,0,1.0791
docker,concorrente,produto,160,/api/gene/MLH1,712.52,200,0,1.0791
docker,concorrente,produto,160,/api/gene/HBB,926.19,200,0,1.0791
docker,concorrente,produto,160,/api/gene/MSH2,720.49,200,0,1.0791
docker,concorrente,produto,160,/api/variant/rs334,695.38,200,0,1.0791
docker,concorrente,produto,160,/api/variant/rs1800562,540.01,200,0,1.0791
docker,concorrente,produto,160,/api/variant/rs6025,599.48,200,0,1.0791
docker,concorrente,produto,160,/api/disease/anemia-falciforme,559.14,200,0,1.0791
docker,concorrente,produto,160,/api/disease/talassemia-beta,533.74,200,0,1.0791
docker,concorrente,produto,160,/api/panel/cancer-mama-ovario-hereditario,630.92,200,0,1.0791
docker,concorrente,produto,160,/api/panel/cancer-colorretal-hereditario,624.06,200,0,1.0791
docker,concorrente,produto,160,/api/gene/MLH1,732.98,200,0,1.0791
docker,concorrente,produto,160,/api/gene/HBB,725.15,200,0,1.0791
docker,concorrente,produto,160,/api/gene/MSH2,736.65,200,0,1.0791
docker,concorrente,produto,160,/api/variant/rs334,764.15,200,0,1.0791
docker,concorrente,produto,160,/api/variant/rs1800562,602.9,200,0,1.0791
docker,concorrente,produto,160,/api/variant/rs6025,635.45,200,0,1.0791
docker,concorrente,produto,160,/api/disease/anemia-falciforme,608.84,200,0,1.0791
docker,concorrente,produto,160,/api/disease/talassemia-beta,662.54,200,0,1.0791
docker,concorrente,produto,160,/api/panel/cancer-mama-ovario-hereditario,770.59,200,0,1.0791
docker,concorrente,produto,160,/api/panel/cancer-colorretal-hereditario,654.58,200,0,1.0791
docker,concorrente,produto,160,/api/gene/MLH1,915.8,200,0,1.0791
docker,concorrente,produto,160,/api/gene/HBB,741.18,200,0,1.0791
docker,concorrente,produto,160,/api/gene/MSH2,904.8,200,0,1.0791
docker,concorrente,produto,160,/api/variant/rs334,639.31,200,0,1.0791
docker,concorrente,produto,160,/api/variant/rs1800562,645.47,200,0,1.0791
docker,concorrente,produto,160,/api/variant/rs6025,673.46,200,0,1.0791
docker,concorrente,produto,160,/api/disease/anemia-falciforme,779.9,200,0,1.0791
docker,concorrente,produto,160,/api/disease/talassemia-beta,763.21,200,0,1.0791
docker,concorrente,produto,160,/api/panel/cancer-mama-ovario-hereditario,755.2,200,0,1.0791
docker,concorrente,produto,160,/api/panel/cancer-colorretal-hereditario,665.26,200,0,1.0791
docker,concorrente,produto,160,/api/gene/MLH1,929.93,200,0,1.0791
docker,concorrente,produto,160,/api/gene/HBB,921.78,200,0,1.0791
docker,concorrente,produto,160,/api/gene/MSH2,906.53,200,0,1.0791
docker,concorrente,produto,160,/api/variant/rs334,741.61,200,0,1.0791
docker,concorrente,produto,160,/api/variant/rs1800562,745.05,200,0,1.0791
docker,concorrente,produto,160,/api/variant/rs6025,797.93,200,0,1.0791
docker,concorrente,produto,160,/api/disease/anemia-falciforme,806.73,200,0,1.0791
docker,concorrente,produto,160,/api/disease/talassemia-beta,810.66,200,0,1.0791
docker,concorrente,produto,160,/api/panel/cancer-mama-ovario-hereditario,748.31,200,0,1.0791
docker,concorrente,produto,160,/api/panel/cancer-colorretal-hereditario,784.3,200,0,1.0791
docker,concorrente,produto,160,/api/gene/MLH1,942.4,200,0,1.0791
docker,concorrente,produto,160,/api/gene/HBB,931.9,200,0,1.0791
docker,concorrente,produto,160,/api/gene/MSH2,936.73,200,0,1.0791
docker,concorrente,produto,160,/api/variant/rs334,779.08,200,0,1.0791
docker,concorrente,produto,160,/api/variant/rs1800562,826.14,200,0,1.0791
docker,concorrente,produto,160,/api/variant/rs6025,786.71,200,0,1.0791
docker,concorrente,produto,160,/api/disease/anemia-falciforme,790.56,200,0,1.0791
docker,concorrente,produto,160,/api/disease/talassemia-beta,812.19,200,0,1.0791
docker,concorrente,produto,160,/api/panel/cancer-mama-ovario-hereditario,882.19,200,0,1.0791
docker,concorrente,produto,160,/api/panel/cancer-colorretal-hereditario,877.15,200,0,1.0791
docker,concorrente,produto,160,/api/gene/MLH1,949.74,200,0,1.0791
docker,concorrente,produto,160,/api/gene/HBB,954.57,200,0,1.0791
docker,concorrente,produto,160,/api/gene/MSH2,943.98,200,0,1.0791
docker,concorrente,produto,160,/api/variant/rs334,797.42,200,0,1.0791
docker,concorrente,produto,160,/api/variant/rs1800562,827.72,200,0,1.0791
docker,concorrente,produto,160,/api/variant/rs6025,814.19,200,0,1.0791
docker,concorrente,produto,160,/api/disease/anemia-falciforme,831.71,200,0,1.0791
docker,concorrente,produto,160,/api/disease/talassemia-beta,817.98,200,0,1.0791
docker,concorrente,produto,160,/api/panel/cancer-mama-ovario-hereditario,849.92,200,0,1.0791
docker,concorrente,produto,160,/api/panel/cancer-colorretal-hereditario,835.34,200,0,1.0791
docker,concorrente,produto,160,/api/gene/MLH1,962.32,200,0,1.0791
docker,concorrente,produto,160,/api/gene/HBB,972.55,200,0,1.0791
docker,concorrente,produto,160,/api/gene/MSH2,956.38,200,0,1.0791
docker,concorrente,produto,160,/api/variant/rs334,839.08,200,0,1.0791
docker,concorrente,produto,160,/api/variant/rs1800562,857.94,200,0,1.0791
docker,concorrente,produto,160,/api/variant/rs6025,843.05,200,0,1.0791
docker,concorrente,produto,160,/api/disease/anemia-falciforme,852.4,200,0,1.0791
docker,concorrente,produto,160,/api/disease/talassemia-beta,987.18,200,0,1.0791
docker,concorrente,produto,160,/api/panel/cancer-mama-ovario-hereditario,1003.4,200,0,1.0791
docker,concorrente,produto,160,/api/panel/cancer-colorretal-hereditario,861.15,200,0,1.0791
docker,concorrente,produto,160,/api/gene/MLH1,1019.49,200,0,1.0791
docker,concorrente,produto,160,/api/gene/HBB,964.14,200,0,1.0791
docker,concorrente,produto,160,/api/gene/MSH2,1007.93,200,0,1.0791
docker,concorrente,produto,160,/api/variant/rs334,884.35,200,0,1.0791
docker,concorrente,produto,160,/api/variant/rs1800562,990.67,200,0,1.0791
docker,concorrente,produto,160,/api/variant/rs6025,878.77,200,0,1.0791
docker,concorrente,produto,160,/api/disease/anemia-falciforme,995.63,200,0,1.0791
docker,concorrente,produto,160,/api/disease/talassemia-beta,863.8,200,0,1.0791
docker,concorrente,produto,160,/api/panel/cancer-mama-ovario-hereditario,978.5,200,0,1.0791
docker,concorrente,produto,160,/api/panel/cancer-colorretal-hereditario,972.85,200,0,1.0791
docker,concorrente,produto,160,/api/gene/MLH1,1299.78,200,1,4.8435
docker,concorrente,produto,160,/api/gene/HBB,1311.01,200,1,4.8435
docker,concorrente,produto,160,/api/gene/MSH2,4654.58,200,1,4.8435
docker,concorrente,produto,160,/api/variant/rs334,1383.46,200,1,4.8435
docker,concorrente,produto,160,/api/variant/rs1800562,1305.19,200,1,4.8435
docker,concorrente,produto,160,/api/variant/rs6025,4796.07,200,1,4.8435
docker,concorrente,produto,160,/api/disease/anemia-falciforme,4635.13,200,1,4.8435
docker,concorrente,produto,160,/api/disease/talassemia-beta,1324.37,200,1,4.8435
docker,concorrente,produto,160,/api/panel/cancer-mama-ovario-hereditario,1388.6,200,1,4.8435
docker,concorrente,produto,160,/api/panel/cancer-colorretal-hereditario,1562.19,200,1,4.8435
docker,concorrente,produto,160,/api/gene/MLH1,1399.46,200,1,4.8435
docker,concorrente,produto,160,/api/gene/HBB,4754.43,200,1,4.8435
docker,concorrente,produto,160,/api/gene/MSH2,1476.02,200,1,4.8435
docker,concorrente,produto,160,/api/variant/rs334,1400.7,200,1,4.8435
docker,concorrente,produto,160,/api/variant/rs1800562,1636.57,200,1,4.8435
docker,concorrente,produto,160,/api/variant/rs6025,4719.08,200,1,4.8435
docker,concorrente,produto,160,/api/disease/anemia-falciforme,4596.52,200,1,4.8435
docker,concorrente,produto,160,/api/disease/talassemia-beta,1641.65,200,1,4.8435
docker,concorrente,produto,160,/api/panel/cancer-mama-ovario-hereditario,1447.11,200,1,4.8435
docker,concorrente,produto,160,/api/panel/cancer-colorretal-hereditario,1475.66,200,1,4.8435
docker,concorrente,produto,160,/api/gene/MLH1,4572.43,200,1,4.8435
docker,concorrente,produto,160,/api/gene/HBB,1903.04,200,1,4.8435
docker,concorrente,produto,160,/api/gene/MSH2,1562.83,200,1,4.8435
docker,concorrente,produto,160,/api/variant/rs334,4678.75,200,1,4.8435
docker,concorrente,produto,160,/api/variant/rs1800562,1539.82,200,1,4.8435
docker,concorrente,produto,160,/api/variant/rs6025,1731.1,200,1,4.8435
docker,concorrente,produto,160,/api/disease/anemia-falciforme,1596.47,200,1,4.8435
docker,concorrente,produto,160,/api/disease/talassemia-beta,1940.66,200,1,4.8435
docker,concorrente,produto,160,/api/panel/cancer-mama-ovario-hereditario,1647.54,200,1,4.8435
docker,concorrente,produto,160,/api/panel/cancer-colorretal-hereditario,1619.17,200,1,4.8435
docker,concorrente,produto,160,/api/gene/MLH1,1765.01,200,1,4.8435
docker,concorrente,produto,160,/api/gene/HBB,4545.63,200,1,4.8435
docker,concorrente,produto,160,/api/gene/MSH2,4550.39,200,1,4.8435
docker,concorrente,produto,160,/api/variant/rs334,1648.42,200,1,4.8435
docker,concorrente,produto,160,/api/variant/rs1800562,1723.99,200,1,4.8435
docker,concorrente,produto,160,/api/variant/rs6025,2057.94,200,1,4.8435
docker,concorrente,produto,160,/api/disease/anemia-falciforme,2007.18,200,1,4.8435
docker,concorrente,produto,160,/api/disease/talassemia-beta,1730.53,200,1,4.8435
docker,concorrente,produto,160,/api/panel/cancer-mama-ovario-hereditario,1990.94,200,1,4.8435
docker,concorrente,produto,160,/api/panel/cancer-colorretal-hereditario,4609.15,200,1,4.8435
docker,concorrente,produto,160,/api/gene/MLH1,4592.73,200,1,4.8435
docker,concorrente,produto,160,/api/gene/HBB,2159.72,200,1,4.8435
docker,concorrente,produto,160,/api/gene/MSH2,1832.79,200,1,4.8435
docker,concorrente,produto,160,/api/variant/rs334,1872.26,200,1,4.8435
docker,concorrente,produto,160,/api/variant/rs1800562,2769.7,200,1,4.8435
docker,concorrente,produto,160,/api/variant/rs6025,3705.28,200,1,4.8435
docker,concorrente,produto,160,/api/disease/anemia-falciforme,1864.81,200,1,4.8435
docker,concorrente,produto,160,/api/disease/talassemia-beta,2216.64,200,1,4.8435
docker,concorrente,produto,160,/api/panel/cancer-mama-ovario-hereditario,1891.52,200,1,4.8435
docker,concorrente,produto,160,/api/panel/cancer-colorretal-hereditario,2833.44,200,1,4.8435
docker,concorrente,produto,160,/api/gene/MLH1,2025.89,200,1,4.8435
docker,concorrente,produto,160,/api/gene/HBB,1960.78,200,1,4.8435
docker,concorrente,produto,160,/api/gene/MSH2,2136.23,200,1,4.8435
docker,concorrente,produto,160,/api/variant/rs334,2026.57,200,1,4.8435
docker,concorrente,produto,160,/api/variant/rs1800562,1955.2,200,1,4.8435
docker,concorrente,produto,160,/api/variant/rs6025,4354.11,200,1,4.8435
docker,concorrente,produto,160,/api/disease/anemia-falciforme,2449.26,200,1,4.8435
docker,concorrente,produto,160,/api/disease/talassemia-beta,1992.71,200,1,4.8435
docker,concorrente,produto,160,/api/panel/cancer-mama-ovario-hereditario,2295.98,200,1,4.8435
docker,concorrente,produto,160,/api/panel/cancer-colorretal-hereditario,2303.38,200,1,4.8435
docker,concorrente,produto,160,/api/gene/MLH1,2347.65,200,1,4.8435
docker,concorrente,produto,160,/api/gene/HBB,2170.39,200,1,4.8435
docker,concorrente,produto,160,/api/gene/MSH2,2056.23,200,1,4.8435
docker,concorrente,produto,160,/api/variant/rs334,2022.36,200,1,4.8435
docker,concorrente,produto,160,/api/variant/rs1800562,2161.53,200,1,4.8435
docker,concorrente,produto,160,/api/variant/rs6025,4353.84,200,1,4.8435
docker,concorrente,produto,160,/api/disease/anemia-falciforme,2350.02,200,1,4.8435
docker,concorrente,produto,160,/api/disease/talassemia-beta,2085.96,200,1,4.8435
docker,concorrente,produto,160,/api/panel/cancer-mama-ovario-hereditario,2107.01,200,1,4.8435
docker,concorrente,produto,160,/api/panel/cancer-colorretal-hereditario,2129.07,200,1,4.8435
docker,concorrente,produto,160,/api/gene/MLH1,3050.22,200,1,4.8435
docker,concorrente,produto,160,/api/gene/HBB,2266.0,200,1,4.8435
docker,concorrente,produto,160,/api/gene/MSH2,4266.56,200,1,4.8435
docker,concorrente,produto,160,/api/variant/rs334,4276.8,200,1,4.8435
docker,concorrente,produto,160,/api/variant/rs1800562,4280.37,200,1,4.8435
docker,concorrente,produto,160,/api/variant/rs6025,2194.9,200,1,4.8435
docker,concorrente,produto,160,/api/disease/anemia-falciforme,2364.68,200,1,4.8435
docker,concorrente,produto,160,/api/disease/talassemia-beta,2432.03,200,1,4.8435
docker,concorrente,produto,160,/api/panel/cancer-mama-ovario-hereditario,3905.02,200,1,4.8435
docker,concorrente,produto,160,/api/panel/cancer-colorretal-hereditario,2295.77,200,1,4.8435
docker,concorrente,produto,160,/api/gene/MLH1,2527.82,200,1,4.8435
docker,concorrente,produto,160,/api/gene/HBB,2343.77,200,1,4.8435
docker,concorrente,produto,160,/api/gene/MSH2,2570.5,200,1,4.8435
docker,concorrente,produto,160,/api/variant/rs334,2306.32,200,1,4.8435
docker,concorrente,produto,160,/api/variant/rs1800562,4160.33,200,1,4.8435
docker,concorrente,produto,160,/api/variant/rs6025,4155.27,200,1,4.8435
docker,concorrente,produto,160,/api/disease/anemia-falciforme,4074.37,200,1,4.8435
docker,concorrente,produto,160,/api/disease/talassemia-beta,2775.52,200,1,4.8435
docker,concorrente,produto,160,/api/panel/cancer-mama-ovario-hereditario,2345.72,200,1,4.8435
docker,concorrente,produto,160,/api/panel/cancer-colorretal-hereditario,2531.4,200,1,4.8435
docker,concorrente,produto,160,/api/gene/MLH1,2578.4,200,1,4.8435
docker,concorrente,produto,160,/api/gene/HBB,2501.73,200,1,4.8435
docker,concorrente,produto,160,/api/gene/MSH2,2721.5,200,1,4.8435
docker,concorrente,produto,160,/api/variant/rs334,2589.6,200,1,4.8435
docker,concorrente,produto,160,/api/variant/rs1800562,2447.92,200,1,4.8435
docker,concorrente,produto,160,/api/variant/rs6025,2626.12,200,1,4.8435
docker,concorrente,produto,160,/api/disease/anemia-falciforme,2963.83,200,1,4.8435
docker,concorrente,produto,160,/api/disease/talassemia-beta,4058.26,200,1,4.8435
docker,concorrente,produto,160,/api/panel/cancer-mama-ovario-hereditario,2498.16,200,1,4.8435
docker,concorrente,produto,160,/api/panel/cancer-colorretal-hereditario,4026.67,200,1,4.8435
docker,concorrente,produto,160,/api/gene/MLH1,2928.09,200,1,4.8435
docker,concorrente,produto,160,/api/gene/HBB,3049.05,200,1,4.8435
docker,concorrente,produto,160,/api/gene/MSH2,3128.15,200,1,4.8435
docker,concorrente,produto,160,/api/variant/rs334,2806.62,200,1,4.8435
docker,concorrente,produto,160,/api/variant/rs1800562,2645.98,200,1,4.8435
docker,concorrente,produto,160,/api/variant/rs6025,2855.8,200,1,4.8435
docker,concorrente,produto,160,/api/disease/anemia-falciforme,2690.24,200,1,4.8435
docker,concorrente,produto,160,/api/disease/talassemia-beta,3599.27,200,1,4.8435
docker,concorrente,produto,160,/api/panel/cancer-mama-ovario-hereditario,3511.86,200,1,4.8435
docker,concorrente,produto,160,/api/panel/cancer-colorretal-hereditario,2736.86,200,1,4.8435
docker,concorrente,produto,160,/api/gene/MLH1,3958.1,200,1,4.8435
docker,concorrente,produto,160,/api/gene/HBB,2852.08,200,1,4.8435
docker,concorrente,produto,160,/api/gene/MSH2,3048.25,200,1,4.8435
docker,concorrente,produto,160,/api/variant/rs334,3951.12,200,1,4.8435
docker,concorrente,produto,160,/api/variant/rs1800562,3315.59,200,1,4.8435
docker,concorrente,produto,160,/api/variant/rs6025,3675.26,200,1,4.8435
docker,concorrente,produto,160,/api/disease/anemia-falciforme,2923.26,200,1,4.8435
docker,concorrente,produto,160,/api/disease/talassemia-beta,3801.2,200,1,4.8435
docker,concorrente,produto,160,/api/panel/cancer-mama-ovario-hereditario,3191.74,200,1,4.8435
docker,concorrente,produto,160,/api/panel/cancer-colorretal-hereditario,3108.19,200,1,4.8435
docker,concorrente,produto,160,/api/gene/MLH1,3606.22,200,1,4.8435
docker,concorrente,produto,160,/api/gene/HBB,3118.51,200,1,4.8435
docker,concorrente,produto,160,/api/gene/MSH2,3915.24,200,1,4.8435
docker,concorrente,produto,160,/api/variant/rs334,3608.55,200,1,4.8435
docker,concorrente,produto,160,/api/variant/rs1800562,3291.45,200,1,4.8435
docker,concorrente,produto,160,/api/variant/rs6025,3719.91,200,1,4.8435
docker,concorrente,produto,160,/api/disease/anemia-falciforme,3155.14,200,1,4.8435
docker,concorrente,produto,160,/api/disease/talassemia-beta,3686.77,200,1,4.8435
docker,concorrente,produto,160,/api/panel/cancer-mama-ovario-hereditario,3181.73,200,1,4.8435
docker,concorrente,produto,160,/api/panel/cancer-colorretal-hereditario,3199.17,200,1,4.8435
docker,concorrente,produto,160,/api/gene/MLH1,3614.31,200,1,4.8435
docker,concorrente,produto,160,/api/gene/HBB,3861.54,200,1,4.8435
docker,concorrente,produto,160,/api/gene/MSH2,3372.01,200,1,4.8435
docker,concorrente,produto,160,/api/variant/rs334,3536.44,200,1,4.8435
docker,concorrente,produto,160,/api/variant/rs1800562,3555.04,200,1,4.8435
docker,concorrente,produto,160,/api/variant/rs6025,3612.55,200,1,4.8435
docker,concorrente,produto,160,/api/disease/anemia-falciforme,3726.34,200,1,4.8435
docker,concorrente,produto,160,/api/disease/talassemia-beta,3394.5,200,1,4.8435
docker,concorrente,produto,160,/api/panel/cancer-mama-ovario-hereditario,3709.58,200,1,4.8435
docker,concorrente,produto,160,/api/panel/cancer-colorretal-hereditario,3775.24,200,1,4.8435
docker,concorrente,produto,160,/api/gene/MLH1,3705.27,200,1,4.8435
docker,concorrente,produto,160,/api/gene/HBB,3627.49,200,1,4.8435
docker,concorrente,produto,160,/api/gene/MSH2,3689.84,200,1,4.8435
docker,concorrente,produto,160,/api/variant/rs334,3608.51,200,1,4.8435
docker,concorrente,produto,160,/api/variant/rs1800562,3502.48,200,1,4.8435
docker,concorrente,produto,160,/api/variant/rs6025,3585.78,200,1,4.8435
docker,concorrente,produto,160,/api/disease/anemia-falciforme,3532.13,200,1,4.8435
docker,concorrente,produto,160,/api/disease/talassemia-beta,3553.72,200,1,4.8435
docker,concorrente,produto,160,/api/panel/cancer-mama-ovario-hereditario,3656.92,200,1,4.8435
docker,concorrente,produto,160,/api/panel/cancer-colorretal-hereditario,3525.35,200,1,4.8435
docker,concorrente,produto,160,/api/gene/MLH1,3517.84,200,1,4.8435
docker,concorrente,produto,160,/api/gene/HBB,3570.9,200,1,4.8435
docker,concorrente,produto,160,/api/gene/MSH2,3544.89,200,1,4.8435
docker,concorrente,produto,160,/api/variant/rs334,3705.4,200,1,4.8435
docker,concorrente,produto,160,/api/variant/rs1800562,3531.87,200,1,4.8435
docker,concorrente,produto,160,/api/variant/rs6025,3718.14,200,1,4.8435
docker,concorrente,produto,160,/api/disease/anemia-falciforme,3564.68,200,1,4.8435
docker,concorrente,produto,160,/api/disease/talassemia-beta,3705.74,200,1,4.8435
docker,concorrente,produto,160,/api/panel/cancer-mama-ovario-hereditario,3664.24,200,1,4.8435
docker,concorrente,produto,160,/api/panel/cancer-colorretal-hereditario,3540.27,200,1,4.8435
docker,concorrente,produto,160,/api/gene/MLH1,190.09,200,2,1.3013
docker,concorrente,produto,160,/api/gene/HBB,197.74,200,2,1.3013
docker,concorrente,produto,160,/api/gene/MSH2,1062.3,200,2,1.3013
docker,concorrente,produto,160,/api/variant/rs334,206.88,200,2,1.3013
docker,concorrente,produto,160,/api/variant/rs1800562,188.02,200,2,1.3013
docker,concorrente,produto,160,/api/variant/rs6025,223.35,200,2,1.3013
docker,concorrente,produto,160,/api/disease/anemia-falciforme,1059.45,200,2,1.3013
docker,concorrente,produto,160,/api/disease/talassemia-beta,195.53,200,2,1.3013
docker,concorrente,produto,160,/api/panel/cancer-mama-ovario-hereditario,1041.82,200,2,1.3013
docker,concorrente,produto,160,/api/panel/cancer-colorretal-hereditario,252.97,200,2,1.3013
docker,concorrente,produto,160,/api/gene/MLH1,210.32,200,2,1.3013
docker,concorrente,produto,160,/api/gene/HBB,218.75,200,2,1.3013
docker,concorrente,produto,160,/api/gene/MSH2,218.26,200,2,1.3013
docker,concorrente,produto,160,/api/variant/rs334,234.75,200,2,1.3013
docker,concorrente,produto,160,/api/variant/rs1800562,264.0,200,2,1.3013
docker,concorrente,produto,160,/api/variant/rs6025,1053.47,200,2,1.3013
docker,concorrente,produto,160,/api/disease/anemia-falciforme,1224.05,200,2,1.3013
docker,concorrente,produto,160,/api/disease/talassemia-beta,216.6,200,2,1.3013
docker,concorrente,produto,160,/api/panel/cancer-mama-ovario-hereditario,243.75,200,2,1.3013
docker,concorrente,produto,160,/api/panel/cancer-colorretal-hereditario,222.66,200,2,1.3013
docker,concorrente,produto,160,/api/gene/MLH1,1272.8,200,2,1.3013
docker,concorrente,produto,160,/api/gene/HBB,235.22,200,2,1.3013
docker,concorrente,produto,160,/api/gene/MSH2,240.56,200,2,1.3013
docker,concorrente,produto,160,/api/variant/rs334,244.23,200,2,1.3013
docker,concorrente,produto,160,/api/variant/rs1800562,371.41,200,2,1.3013
docker,concorrente,produto,160,/api/variant/rs6025,278.58,200,2,1.3013
docker,concorrente,produto,160,/api/disease/anemia-falciforme,242.92,200,2,1.3013
docker,concorrente,produto,160,/api/disease/talassemia-beta,1087.73,200,2,1.3013
docker,concorrente,produto,160,/api/panel/cancer-mama-ovario-hereditario,263.75,200,2,1.3013
docker,concorrente,produto,160,/api/panel/cancer-colorretal-hereditario,293.65,200,2,1.3013
docker,concorrente,produto,160,/api/gene/MLH1,257.71,200,2,1.3013
docker,concorrente,produto,160,/api/gene/HBB,265.43,200,2,1.3013
docker,concorrente,produto,160,/api/gene/MSH2,265.03,200,2,1.3013
docker,concorrente,produto,160,/api/variant/rs334,286.79,200,2,1.3013
docker,concorrente,produto,160,/api/variant/rs1800562,268.94,200,2,1.3013
docker,concorrente,produto,160,/api/variant/rs6025,301.96,200,2,1.3013
docker,concorrente,produto,160,/api/disease/anemia-falciforme,1181.17,200,2,1.3013
docker,concorrente,produto,160,/api/disease/talassemia-beta,265.44,200,2,1.3013
docker,concorrente,produto,160,/api/panel/cancer-mama-ovario-hereditario,404.06,200,2,1.3013
docker,concorrente,produto,160,/api/panel/cancer-colorretal-hereditario,271.21,200,2,1.3013
docker,concorrente,produto,160,/api/gene/MLH1,325.68,200,2,1.3013
docker,concorrente,produto,160,/api/gene/HBB,297.93,200,2,1.3013
docker,concorrente,produto,160,/api/gene/MSH2,286.26,200,2,1.3013
docker,concorrente,produto,160,/api/variant/rs334,334.11,200,2,1.3013
docker,concorrente,produto,160,/api/variant/rs1800562,301.32,200,2,1.3013
docker,concorrente,produto,160,/api/variant/rs6025,363.1,200,2,1.3013
docker,concorrente,produto,160,/api/disease/anemia-falciforme,405.36,200,2,1.3013
docker,concorrente,produto,160,/api/disease/talassemia-beta,289.6,200,2,1.3013
docker,concorrente,produto,160,/api/panel/cancer-mama-ovario-hereditario,297.87,200,2,1.3013
docker,concorrente,produto,160,/api/panel/cancer-colorretal-hereditario,315.52,200,2,1.3013
docker,concorrente,produto,160,/api/gene/MLH1,323.79,200,2,1.3013
docker,concorrente,produto,160,/api/gene/HBB,311.68,200,2,1.3013
docker,concorrente,produto,160,/api/gene/MSH2,516.09,200,2,1.3013
docker,concorrente,produto,160,/api/variant/rs334,362.3,200,2,1.3013
docker,concorrente,produto,160,/api/variant/rs1800562,980.87,200,2,1.3013
docker,concorrente,produto,160,/api/variant/rs6025,334.61,200,2,1.3013
docker,concorrente,produto,160,/api/disease/anemia-falciforme,344.56,200,2,1.3013
docker,concorrente,produto,160,/api/disease/talassemia-beta,338.42,200,2,1.3013
docker,concorrente,produto,160,/api/panel/cancer-mama-ovario-hereditario,395.84,200,2,1.3013
docker,concorrente,produto,160,/api/panel/cancer-colorretal-hereditario,330.27,200,2,1.3013
docker,concorrente,produto,160,/api/gene/MLH1,342.61,200,2,1.3013
docker,concorrente,produto,160,/api/gene/HBB,474.97,200,2,1.3013
docker,concorrente,produto,160,/api/gene/MSH2,513.25,200,2,1.3013
docker,concorrente,produto,160,/api/variant/rs334,1214.42,200,2,1.3013
docker,concorrente,produto,160,/api/variant/rs1800562,360.46,200,2,1.3013
docker,concorrente,produto,160,/api/variant/rs6025,1089.53,200,2,1.3013
docker,concorrente,produto,160,/api/disease/anemia-falciforme,368.9,200,2,1.3013
docker,concorrente,produto,160,/api/disease/talassemia-beta,355.32,200,2,1.3013
docker,concorrente,produto,160,/api/panel/cancer-mama-ovario-hereditario,518.15,200,2,1.3013
docker,concorrente,produto,160,/api/panel/cancer-colorretal-hereditario,361.38,200,2,1.3013
docker,concorrente,produto,160,/api/gene/MLH1,1039.9,200,2,1.3013
docker,concorrente,produto,160,/api/gene/HBB,1096.75,200,2,1.3013
docker,concorrente,produto,160,/api/gene/MSH2,484.1,200,2,1.3013
docker,concorrente,produto,160,/api/variant/rs334,454.73,200,2,1.3013
docker,concorrente,produto,160,/api/variant/rs1800562,371.94,200,2,1.3013
docker,concorrente,produto,160,/api/variant/rs6025,378.63,200,2,1.3013
docker,concorrente,produto,160,/api/disease/anemia-falciforme,1179.44,200,2,1.3013
docker,concorrente,produto,160,/api/disease/talassemia-beta,997.03,200,2,1.3013
docker,concorrente,produto,160,/api/panel/cancer-mama-ovario-hereditario,418.72,200,2,1.3013
docker,concorrente,produto,160,/api/panel/cancer-colorretal-hereditario,481.32,200,2,1.3013
docker,concorrente,produto,160,/api/gene/MLH1,477.91,200,2,1.3013
docker,concorrente,produto,160,/api/gene/HBB,477.79,200,2,1.3013
docker,concorrente,produto,160,/api/gene/MSH2,494.86,200,2,1.3013
docker,concorrente,produto,160,/api/variant/rs334,1077.02,200,2,1.3013
docker,concorrente,produto,160,/api/variant/rs1800562,476.85,200,2,1.3013
docker,concorrente,produto,160,/api/variant/rs6025,1138.39,200,2,1.3013
docker,concorrente,produto,160,/api/disease/anemia-falciforme,529.34,200,2,1.3013
docker,concorrente,produto,160,/api/disease/talassemia-beta,580.9,200,2,1.3013
docker,concorrente,produto,160,/api/panel/cancer-mama-ovario-hereditario,505.88,200,2,1.3013
docker,concorrente,produto,160,/api/panel/cancer-colorretal-hereditario,471.27,200,2,1.3013
docker,concorrente,produto,160,/api/gene/MLH1,668.5,200,2,1.3013
docker,concorrente,produto,160,/api/gene/HBB,537.04,200,2,1.3013
docker,concorrente,produto,160,/api/gene/MSH2,545.21,200,2,1.3013
docker,concorrente,produto,160,/api/variant/rs334,1084.2,200,2,1.3013
docker,concorrente,produto,160,/api/variant/rs1800562,660.7,200,2,1.3013
docker,concorrente,produto,160,/api/variant/rs6025,557.11,200,2,1.3013
docker,concorrente,produto,160,/api/disease/anemia-falciforme,473.06,200,2,1.3013
docker,concorrente,produto,160,/api/disease/talassemia-beta,478.95,200,2,1.3013
docker,concorrente,produto,160,/api/panel/cancer-mama-ovario-hereditario,595.74,200,2,1.3013
docker,concorrente,produto,160,/api/panel/cancer-colorretal-hereditario,655.14,200,2,1.3013
docker,concorrente,produto,160,/api/gene/MLH1,532.54,200,2,1.3013
docker,concorrente,produto,160,/api/gene/HBB,620.66,200,2,1.3013
docker,concorrente,produto,160,/api/gene/MSH2,520.73,200,2,1.3013
docker,concorrente,produto,160,/api/variant/rs334,625.04,200,2,1.3013
docker,concorrente,produto,160,/api/variant/rs1800562,598.48,200,2,1.3013
docker,concorrente,produto,160,/api/variant/rs6025,573.7,200,2,1.3013
docker,concorrente,produto,160,/api/disease/anemia-falciforme,672.1,200,2,1.3013
docker,concorrente,produto,160,/api/disease/talassemia-beta,528.84,200,2,1.3013
docker,concorrente,produto,160,/api/panel/cancer-mama-ovario-hereditario,734.36,200,2,1.3013
docker,concorrente,produto,160,/api/panel/cancer-colorretal-hereditario,711.47,200,2,1.3013
docker,concorrente,produto,160,/api/gene/MLH1,939.83,200,2,1.3013
docker,concorrente,produto,160,/api/gene/HBB,565.34,200,2,1.3013
docker,concorrente,produto,160,/api/gene/MSH2,570.95,200,2,1.3013
docker,concorrente,produto,160,/api/variant/rs334,617.8,200,2,1.3013
docker,concorrente,produto,160,/api/variant/rs1800562,984.64,200,2,1.3013
docker,concorrente,produto,160,/api/variant/rs6025,659.91,200,2,1.3013
docker,concorrente,produto,160,/api/disease/anemia-falciforme,688.63,200,2,1.3013
docker,concorrente,produto,160,/api/disease/talassemia-beta,999.66,200,2,1.3013
docker,concorrente,produto,160,/api/panel/cancer-mama-ovario-hereditario,1164.56,200,2,1.3013
docker,concorrente,produto,160,/api/panel/cancer-colorretal-hereditario,600.08,200,2,1.3013
docker,concorrente,produto,160,/api/gene/MLH1,695.0,200,2,1.3013
docker,concorrente,produto,160,/api/gene/HBB,628.36,200,2,1.3013
docker,concorrente,produto,160,/api/gene/MSH2,706.59,200,2,1.3013
docker,concorrente,produto,160,/api/variant/rs334,832.18,200,2,1.3013
docker,concorrente,produto,160,/api/variant/rs1800562,843.33,200,2,1.3013
docker,concorrente,produto,160,/api/variant/rs6025,746.76,200,2,1.3013
docker,concorrente,produto,160,/api/disease/anemia-falciforme,993.47,200,2,1.3013
docker,concorrente,produto,160,/api/disease/talassemia-beta,817.52,200,2,1.3013
docker,concorrente,produto,160,/api/panel/cancer-mama-ovario-hereditario,695.85,200,2,1.3013
docker,concorrente,produto,160,/api/panel/cancer-colorretal-hereditario,1049.09,200,2,1.3013
docker,concorrente,produto,160,/api/gene/MLH1,1137.07,200,2,1.3013
docker,concorrente,produto,160,/api/gene/HBB,984.53,200,2,1.3013
docker,concorrente,produto,160,/api/gene/MSH2,686.16,200,2,1.3013
docker,concorrente,produto,160,/api/variant/rs334,758.63,200,2,1.3013
docker,concorrente,produto,160,/api/variant/rs1800562,751.54,200,2,1.3013
docker,concorrente,produto,160,/api/variant/rs6025,907.07,200,2,1.3013
docker,concorrente,produto,160,/api/disease/anemia-falciforme,786.8,200,2,1.3013
docker,concorrente,produto,160,/api/disease/talassemia-beta,691.41,200,2,1.3013
docker,concorrente,produto,160,/api/panel/cancer-mama-ovario-hereditario,1138.52,200,2,1.3013
docker,concorrente,produto,160,/api/panel/cancer-colorretal-hereditario,1061.68,200,2,1.3013
docker,concorrente,produto,160,/api/gene/MLH1,1109.96,200,2,1.3013
docker,concorrente,produto,160,/api/gene/HBB,740.23,200,2,1.3013
docker,concorrente,produto,160,/api/gene/MSH2,968.17,200,2,1.3013
docker,concorrente,produto,160,/api/variant/rs334,727.03,200,2,1.3013
docker,concorrente,produto,160,/api/variant/rs1800562,798.38,200,2,1.3013
docker,concorrente,produto,160,/api/variant/rs6025,1061.61,200,2,1.3013
docker,concorrente,produto,160,/api/disease/anemia-falciforme,781.38,200,2,1.3013
docker,concorrente,produto,160,/api/disease/talassemia-beta,759.65,200,2,1.3013
docker,concorrente,produto,160,/api/panel/cancer-mama-ovario-hereditario,797.04,200,2,1.3013
docker,concorrente,produto,160,/api/panel/cancer-colorretal-hereditario,764.67,200,2,1.3013
docker,concorrente,produto,160,/api/gene/MLH1,797.24,200,2,1.3013
docker,concorrente,produto,160,/api/gene/HBB,906.9,200,2,1.3013
docker,concorrente,produto,160,/api/gene/MSH2,903.98,200,2,1.3013
docker,concorrente,produto,160,/api/variant/rs334,1064.51,200,2,1.3013
docker,concorrente,produto,160,/api/variant/rs1800562,986.86,200,2,1.3013
docker,concorrente,produto,160,/api/variant/rs6025,1098.55,200,2,1.3013
docker,concorrente,produto,160,/api/disease/anemia-falciforme,799.68,200,2,1.3013
docker,concorrente,produto,160,/api/disease/talassemia-beta,888.77,200,2,1.3013
docker,concorrente,produto,160,/api/panel/cancer-mama-ovario-hereditario,891.32,200,2,1.3013
docker,concorrente,produto,160,/api/panel/cancer-colorretal-hereditario,1116.74,200,2,1.3013
